"ID","Description","GeneRatio","BgRatio","RichFactor","FoldEnrichment","zScore","pvalue","p.adjust","qvalue","geneID","Count"
"GO:0043021","ribonucleoprotein complex binding","14/381","177/18639",0.0790960451977401,3.86947817963433,5.54096907907885,1.72586668820713e-05,0.00426924920024187,0.00376024097121196,"SNRPD1/SNRPN/SRP68/GTPBP4/NPM1/MTOR/NOMO1/G3BP1/PRPF6/SNRPG/LARP1/ABCF1/NDUFAB1/NOMO3",14
"GO:0004812","aminoacyl-tRNA ligase activity","7/381","41/18639",0.170731707317073,8.35241021701556,6.80807100705151,1.74255069397627e-05,0.00426924920024187,0.00376024097121196,"AARS1/LRRC47/IARS1/EPRS1/LARS1/YARS1/MARS1",7
"GO:0016875","ligase activity, forming carbon-oxygen bonds","7/381","41/18639",0.170731707317073,8.35241021701556,6.80807100705151,1.74255069397627e-05,0.00426924920024187,0.00376024097121196,"AARS1/LRRC47/IARS1/EPRS1/LARS1/YARS1/MARS1",7
"GO:0042393","histone binding","16/381","247/18639",0.0647773279352227,3.16898849182314,4.95708978847095,5.21263050933272e-05,0.00957820856089887,0.00843623095589374,"WRAP53/ANP32E/NPM1/BPTF/CDYL/NCAPD2/UHRF1/UIMC1/PARP9/DPF2/SSRP1/CHD1/TBL1XR1/CARM1/SMARCC1/BRD2",16
