"ID","Description","GeneRatio","BgRatio","RichFactor","FoldEnrichment","zScore","pvalue","p.adjust","qvalue","geneID","Count"
"GO:0006413","translational initiation","11/219","124/18805",0.0887096774193548,7.6172853144793,8.02499656082385,2.22233151261999e-07,0.00063714244466815,0.000598158071344137,"ABCF1/YTHDF1/EIF4G2/EIF2S3/EIF3G/EIF3D/GIGYF2/EIF3CL/NPM1/MTOR/EIF1AX",11
"GO:0002181","cytoplasmic translation","11/219","169/18805",0.0650887573964497,5.58901407689606,6.50489968644335,4.80202711810088e-06,0.0064539674939556,0.0060590732590621,"RPS27A/RPLP0/EIF2S3/EIF3G/RPL23/EIF3D/EIF3CL/RPLP1/MTOR/RPS10/DHX9",11
"GO:0044088","regulation of vacuole organization","7/219","61/18805",0.114754098360656,9.85365671083165,7.51814453582939,6.75336675335431e-06,0.0064539674939556,0.0060590732590621,"SCFD1/MTMR3/PPP3CB/MTOR/ANXA2/RAB1B/SNX4",7
