"ID","Description","GeneRatio","BgRatio","RichFactor","FoldEnrichment","zScore","pvalue","p.adjust","qvalue","geneID","Count"
"GO:0034504","protein localization to nucleus","16/240","322/18805",0.0496894409937888,3.89337474120083,5.95428550800046,4.12715808809715e-06,0.00673874653415722,0.00604013726903237,"NPM1/MTOR/TOR1AIP1/TOR1AIP2/HIKESHI/TFRC/NUP98/CTNNA1/MARK3/STAT3/NUP153/MED1/XPO1/YWHAE/PPP3CB/YWHAZ",16
"GO:1903311","regulation of mRNA metabolic process","18/240","404/18805",0.0445544554455446,3.49102722772277,5.7548195428912,4.74225653353781e-06,0.00673874653415722,0.00604013726903237,"IGF2BP1/CWC22/PABPC1/NPM1/SNRNP70/GIGYF2/HNRNPC/AHCYL1/NUP98/YTHDF1/CNOT1/CNOT10/SON/SAFB2/RBPMS2/FXR2/RBM5/PTBP1",18
"GO:0035329","hippo signaling","7/240","58/18805",0.120689655172414,9.45653735632184,7.33371357368231,8.73120756347265e-06,0.00827136396512976,0.00741386747494871,"SAV1/DLG5/AARS1/TEAD2/MARK3/TEAD4/YWHAE",7
