"ID","Description","GeneRatio","BgRatio","RichFactor","FoldEnrichment","zScore","pvalue","p.adjust","qvalue","geneID","Count"
"GO:0000377","RNA splicing, via transesterification reactions with bulged adenosine as nucleophile","23/323","336/18805",0.068452380952381,3.98528490343506,7.29937426845045,2.0709373803089e-08,2.20057852157263e-05,2.04424029083127e-05,"DDX17/SNRPD1/HNRNPL/DDX39A/SMN1/SNRNP70/EFTUD2/DDX39B/LUC7L2/PRPF6/HNRNPC/NUP98/SNRPG/PRPF8/RBM6/LSM2/SNRPD2/SRSF4/SNRNP40/SNU13/TRA2A/RBM42/PTBP1",23
"GO:0000398","mRNA splicing, via spliceosome","23/323","336/18805",0.068452380952381,3.98528490343506,7.29937426845045,2.0709373803089e-08,2.20057852157263e-05,2.04424029083127e-05,"DDX17/SNRPD1/HNRNPL/DDX39A/SMN1/SNRNP70/EFTUD2/DDX39B/LUC7L2/PRPF6/HNRNPC/NUP98/SNRPG/PRPF8/RBM6/LSM2/SNRPD2/SRSF4/SNRNP40/SNU13/TRA2A/RBM42/PTBP1",23
"GO:0008380","RNA splicing","28/323","482/18805",0.0580912863070539,3.38206389784566,7.00374837731934,2.10439422267072e-08,2.20057852157263e-05,2.04424029083127e-05,"DDX17/SNRPD1/HNRNPL/DDX39A/SMN1/PPIL2/SNRNP70/EFTUD2/DDX39B/LUC7L2/PRPF6/HNRNPC/POLR2A/NUP98/SNRPG/PRPF8/RBM6/LSM2/SNRPD2/SRSF4/SNRNP40/ZBTB8OS/C2orf49/TAF9/SNU13/TRA2A/RBM42/PTBP1",28
"GO:0000375","RNA splicing, via transesterification reactions","23/323","340/18805",0.0676470588235294,3.93839919868876,7.22815569793723,2.57905481578978e-08,2.20057852157263e-05,2.04424029083127e-05,"DDX17/SNRPD1/HNRNPL/DDX39A/SMN1/SNRNP70/EFTUD2/DDX39B/LUC7L2/PRPF6/HNRNPC/NUP98/SNRPG/PRPF8/RBM6/LSM2/SNRPD2/SRSF4/SNRNP40/SNU13/TRA2A/RBM42/PTBP1",23
"GO:0022618","protein-RNA complex assembly","16/323","228/18805",0.0701754385964912,4.08560099940253,6.19685449655206,2.21263808927429e-06,0.00151034675973863,0.00140304545787245,"SNRPD1/SMN1/DDX39B/PTGES3/LUC7L2/RRP7A/PRPF6/EIF3I/SNRPG/RPS5/PRPF8/PRKDC/LSM2/SNRPD2/TAF9/XRCC5",16
"GO:0071826","protein-RNA complex organization","16/323","237/18805",0.0675105485232067,3.93045159436193,6.00175220625928,3.65299850260242e-06,0.00207794731489701,0.00193032131400675,"SNRPD1/SMN1/DDX39B/PTGES3/LUC7L2/RRP7A/PRPF6/EIF3I/SNRPG/RPS5/PRPF8/PRKDC/LSM2/SNRPD2/TAF9/XRCC5",16
