"ID","Description","GeneRatio","BgRatio","RichFactor","FoldEnrichment","zScore","pvalue","p.adjust","qvalue","geneID","Count"
"GO:0043021","ribonucleoprotein complex binding","17/330","177/18639",0.096045197740113,5.42480739599384,7.94083080354344,1.76617628846349e-08,1.1321190009051e-05,9.68608259252081e-06,"CCDC47/SNRPD1/SRP68/GTPBP4/NPM1/MTOR/NOMO1/G3BP1/PRPF6/CINP/ABCF1/YTHDF1/RPLP1/EIF3C/NDUFAB1/PQBP1/NOMO3",17
"GO:0043022","ribosome binding","11/330","112/18639",0.0982142857142857,5.54732142857143,6.48017038995592,4.84806109769444e-06,0.00155380358181107,0.0013293893852099,"CCDC47/SRP68/NPM1/MTOR/NOMO1/G3BP1/ABCF1/YTHDF1/EIF3C/NDUFAB1/NOMO3",11
"GO:0045296","cadherin binding","19/330","334/18639",0.0568862275449102,3.21303756124115,5.47900205392951,8.68536728825092e-06,0.00185577347725628,0.00158774609023815,"NUDC/UBFD1/EZR/DLG1/CLIC1/SEPTIN2/EIF2S3/VAPA/GIGYF2/PCMT1/TMPO/TBC1D2/GCN1/ENO1/YWHAE/BAIAP2L1/YWHAZ/PICALM/CAPZB",19
