"ID","Description","GeneRatio","BgRatio","RichFactor","FoldEnrichment","zScore","pvalue","p.adjust","qvalue","geneID","Count"
"GO:0004812","aminoacyl-tRNA ligase activity","7/250","41/18639",0.170731707317073,12.7290731707317,8.76623490157964,1.09411181028749e-06,0.000318933592698803,0.00027180040760826,"LARS2/LRRC47/IARS1/RARS2/LARS1/YARS1/MARS1",7
"GO:0016875","ligase activity, forming carbon-oxygen bonds","7/250","41/18639",0.170731707317073,12.7290731707317,8.76623490157964,1.09411181028749e-06,0.000318933592698803,0.00027180040760826,"LARS2/LRRC47/IARS1/RARS2/LARS1/YARS1/MARS1",7
"GO:0016874","ligase activity","12/250","167/18639",0.0718562874251497,5.35731736526946,6.59494336275853,2.72204896658758e-06,0.00052898484917352,0.000450809513062926,"UBA6/LARS2/LRRC47/IARS1/ATP6V1A/RARS2/LARS1/YARS1/ITCH/LIG1/MARS1/GSS",12
"GO:0051018","protein kinase A binding","7/250","53/18639",0.132075471698113,9.84701886792453,7.52025424557114,6.54151525015667e-06,0.000953425847710335,0.000812525052124723,"PRKACA/PJA2/PRKAR1B/PRKAR2A/PRKAR2B/AKAP10/DACT3",7
"GO:0034236","protein kinase A catalytic subunit binding","4/250","14/18639",0.285714285714286,21.3017142857143,8.86011156010441,2.84542256941718e-05,0.00308098400455517,0.00262566480120979,"PJA2/PRKAR1B/PRKAR2A/PRKAR2B",4
"GO:0044389","ubiquitin-like protein ligase binding","15/250","322/18639",0.046583850931677,3.47310559006211,5.21956155779554,3.17082401841012e-05,0.00308098400455517,0.00262566480120979,"PRKACA/WRAP53/VCP/PRKAR2A/PRKAR2B/FAF1/UBE2K/ITCH/RNF34/LRPPRC/TMBIM6/TUBB/YWHAE/CASC3/BRCA1",15
"GO:0031625","ubiquitin protein ligase binding","14/250","302/18639",0.0463576158940397,3.45623841059603,5.01765098010033,6.13389214831996e-05,0.00510865588924363,0.00435367984061206,"PRKACA/WRAP53/VCP/PRKAR2A/PRKAR2B/FAF1/UBE2K/RNF34/LRPPRC/TMBIM6/TUBB/YWHAE/CASC3/BRCA1",14
