"ID","Description","GeneRatio","BgRatio","RichFactor","FoldEnrichment","zScore","pvalue","p.adjust","qvalue","geneID","Count"
"GO:0005925","focal adhesion","14/155","424/19880",0.0330188679245283,4.23493609251369,5.96865484034914,6.13548264276111e-06,0.0015388947418289,0.00127908134385779,"RPS5/FLOT1/CYFIP1/PPP1R12A/TPM4/SRP68/EZR/ARPC3/CLASP1/G3BP1/YWHAE/NUMB/CHP1/RPL18",14
"GO:0030055","cell-substrate junction","14/155","434/19880",0.032258064516129,4.13735691987513,5.8579851020746,7.99425839911117e-06,0.0015388947418289,0.00127908134385779,"RPS5/FLOT1/CYFIP1/PPP1R12A/TPM4/SRP68/EZR/ARPC3/CLASP1/G3BP1/YWHAE/NUMB/CHP1/RPL18",14
"GO:0008287","protein serine/threonine phosphatase complex","5/155","56/19880",0.0892857142857143,11.4516129032258,6.9428262267928,7.48686020750224e-05,0.0072061029497209,0.00598948816600179,"PPP2CB/PPP1R12A/PPP2R2D/PPP2R5B/PPP3CB",5
"GO:1903293","phosphatase complex","5/155","56/19880",0.0892857142857143,11.4516129032258,6.9428262267928,7.48686020750224e-05,0.0072061029497209,0.00598948816600179,"PPP2CB/PPP1R12A/PPP2R2D/PPP2R5B/PPP3CB",5
