"ID","Description","GeneRatio","BgRatio","RichFactor","FoldEnrichment","zScore","pvalue","p.adjust","qvalue","geneID","Count"
"GO:0016339","calcium-dependent cell-cell adhesion via plasma membrane cell adhesion molecules","9/230","48/18805",0.1875,15.3301630434783,11.0615169511449,5.80335058859252e-09,1.59882308715724e-05,1.50581675798743e-05,"PCDHB10/PCDHB5/PCDHB4/PCDHB3/PCDHB9/PCDHB6/PCDHB11/PCDHB2/PCDHB16",9
"GO:0007156","homophilic cell adhesion via plasma membrane adhesion molecules","12/230","169/18805",0.0710059171597633,5.80550553125804,6.98281781015976,1.18054782671359e-06,0.00112614756466907,0.0010606375955332,"PCDHB12/PCDHB10/PCDHB5/PCDHB8/PCDHB4/PCDHB7/PCDHB3/PCDHB9/PCDHB6/PCDHB11/PCDHB2/PCDHB16",12
"GO:0045727","positive regulation of translation","11/230","140/18805",0.0785714285714286,6.42406832298137,7.1680297664501,1.22629498875035e-06,0.00112614756466907,0.0010606375955332,"IGF2BP1/PABPC1/NPM1/CNBP/EIF3D/LARP1/ABCF1/YTHDF1/EIF3C/FXR2/EIF2AK4",11
"GO:0006413","translational initiation","10/230","124/18805",0.0806451612903226,6.59361851332398,6.9538970117028,2.97736355057115e-06,0.00205065914545588,0.00193136872425208,"NPM1/EIF1AX/EIF3D/GIGYF2/LARP1/ABCF1/YTHDF1/EIF3CL/EIF3C/EIF2AK4",10
"GO:0016188","synaptic vesicle maturation","5/230","27/18805",0.185185185185185,15.1409017713366,8.18199007323258,1.69829022727572e-05,0.00935757915228922,0.00881323244259926,"ATP6AP2/ATP6V1A/ZDHHC2/ATP6V1B2/ATP6V0A1",5
