"ID","Description","GeneRatio","BgRatio","RichFactor","FoldEnrichment","zScore","pvalue","p.adjust","qvalue","geneID","Count"
"GO:0008380","RNA splicing","20/218","482/18805",0.04149377593361,3.57931402032814,6.21266828406451,9.19344059681698e-07,0.00246751945618568,0.00232448887511099,"SNRNP40/ZBTB8OS/DDX17/SNRPD1/C2orf49/TAF9/PRPF8/SMN1/USP22/RBM6/PPIL2/LSM2/PPIL3/RPS26/SNRNP70/PRPF6/TADA3/POLR2A/EFTUD2/SNRPG",20
"GO:0141156","cAMP/PKA signal transduction","5/218","24/18805",0.208333333333333,17.9711391437309,9.00960969419885,7.10234431008526e-06,0.00953134606413442,0.00897885843832884,"PRKACA/ATF1/PRKAR2A/PRKAR2B/CREB1",5
