"ID","Description","GeneRatio","BgRatio","RichFactor","FoldEnrichment","zScore","pvalue","p.adjust","qvalue","geneID","Count"
"GO:0006413","translational initiation","10/211","124/18805",0.0806451612903226,7.18735667329155,7.36369631989161,1.37120297389143e-06,0.00392575411425117,0.00365173002520561,"ABCF1/YTHDF1/EIF4G2/EIF2S3/EIF3G/EIF3D/GIGYF2/NPM1/MTOR/EIF1AX",10
"GO:0002181","cytoplasmic translation","11/211","169/18805",0.0650887573964497,5.80091982388738,6.67838405150761,3.35877420604231e-06,0.00431033996843876,0.00400947115471443,"RPS27A/RPS9/RPLP0/EIF2S3/EIF3G/RPL23/EIF3D/RPLP1/MTOR/RPS10/DHX9",11
"GO:0044088","regulation of vacuole organization","7/211","61/18805",0.114754098360656,10.2272550695362,7.68929001363709,5.29090402842366e-06,0.00431033996843876,0.00400947115471443,"SCFD1/MTMR3/PPP3CB/MTOR/ANXA2/RAB1B/SNX4",7
"GO:0006418","tRNA aminoacylation for protein translation","6/211","41/18805",0.146341463414634,13.04242284129,8.22286242413398,6.02213058810864e-06,0.00431033996843876,0.00400947115471443,"EPRS1/LARS2/YARS1/RARS2/IARS2/LRRC47",6
"GO:0043039","tRNA aminoacylation","6/211","44/18805",0.136363636363636,12.1531667384748,7.88999044034911,9.19320476906304e-06,0.00501453894593188,0.00466451588624654,"EPRS1/LARS2/YARS1/RARS2/IARS2/LRRC47",6
"GO:0043038","amino acid activation","6/211","45/18805",0.133333333333333,11.8830963665087,7.78614075010184,1.05089883603183e-05,0.00501453894593188,0.00466451588624654,"EPRS1/LARS2/YARS1/RARS2/IARS2/LRRC47",6
