"ID","Description","GeneRatio","BgRatio","RichFactor","FoldEnrichment","zScore","pvalue","p.adjust","qvalue","geneID","Count"
"GO:0043021","ribonucleoprotein complex binding","13/215","177/18639",0.0734463276836158,6.36728419392984,7.75048308051814,1.44581009698297e-07,7.83629072564768e-05,7.10729805569521e-05,"LEMD3/NOMO1/ABCF1/YTHDF1/NDUFAB1/PQBP1/G3BP1/RPLP1/NPM1/PRPF6/MTOR/ITCH/DHX9",13
"GO:0016874","ligase activity","11/215","167/18639",0.0658682634730539,5.71031889708954,6.60508646878799,3.89946658414178e-06,0.000955521685159114,0.000866631631325124,"TTLL3/UBA6/EPRS1/LARS2/YARS1/RARS2/LIG1/IARS2/ITCH/LRRC47/GSS",11
"GO:0004812","aminoacyl-tRNA ligase activity","6/215","41/18639",0.146341463414634,12.6867838910947,8.09246334824937,7.05182055467981e-06,0.000955521685159114,0.000866631631325124,"EPRS1/LARS2/YARS1/RARS2/IARS2/LRRC47",6
"GO:0016875","ligase activity, forming carbon-oxygen bonds","6/215","41/18639",0.146341463414634,12.6867838910947,8.09246334824937,7.05182055467981e-06,0.000955521685159114,0.000866631631325124,"EPRS1/LARS2/YARS1/RARS2/IARS2/LRRC47",6
"GO:0045296","cadherin binding","14/215","334/18639",0.0419161676646707,3.63383929814789,5.24692143399763,3.53380426626538e-05,0.00383064382463167,0.00347428756283354,"SEPTIN2/NUDC/PCMT1/EIF4G2/EIF2S3/VAPA/SPTAN1/YWHAE/GIGYF2/NUMB/CLIC1/GAPVD1/ANXA2/CTNNA1",14
"GO:0043022","ribosome binding","8/215","112/18639",0.0714285714285714,6.19235880398671,5.95385258295583,4.68134269576309e-05,0.00422881290183933,0.00383541585775678,"NOMO1/ABCF1/YTHDF1/NDUFAB1/G3BP1/NPM1/MTOR/DHX9",8
