"ID","Description","GeneRatio","BgRatio","RichFactor","FoldEnrichment","zScore","pvalue","p.adjust","qvalue","geneID","Count"
"GO:0000377","RNA splicing, via transesterification reactions with bulged adenosine as nucleophile","28/296","336/18805",0.0833333333333333,5.29420045045045,10.044070682306,6.8839142795148e-13,9.99327023019674e-10,9.32247162325686e-10,"DDX17/SNRPD1/HNRNPL/SMN1/ACIN1/U2AF1/PABPC1/SAP18/SNRNP70/SMN2/EFTUD2/CDC5L/LUC7L2/LSM3/PPIL3/PRPF6/HNRNPC/NUP98/CTNNBL1/SMU1/PRPF8/RBM6/LSM2/SRSF4/SETX/SNU13/CASC3/PTBP1",28
"GO:0000398","mRNA splicing, via spliceosome","28/296","336/18805",0.0833333333333333,5.29420045045045,10.044070682306,6.8839142795148e-13,9.99327023019674e-10,9.32247162325686e-10,"DDX17/SNRPD1/HNRNPL/SMN1/ACIN1/U2AF1/PABPC1/SAP18/SNRNP70/SMN2/EFTUD2/CDC5L/LUC7L2/LSM3/PPIL3/PRPF6/HNRNPC/NUP98/CTNNBL1/SMU1/PRPF8/RBM6/LSM2/SRSF4/SETX/SNU13/CASC3/PTBP1",28
"GO:0000375","RNA splicing, via transesterification reactions","28/296","340/18805",0.0823529411764706,5.23191573926868,9.95821075856527,9.19344087414603e-13,9.99327023019674e-10,9.32247162325686e-10,"DDX17/SNRPD1/HNRNPL/SMN1/ACIN1/U2AF1/PABPC1/SAP18/SNRNP70/SMN2/EFTUD2/CDC5L/LUC7L2/LSM3/PPIL3/PRPF6/HNRNPC/NUP98/CTNNBL1/SMU1/PRPF8/RBM6/LSM2/SRSF4/SETX/SNU13/CASC3/PTBP1",28
"GO:0008380","RNA splicing","32/296","482/18805",0.0663900414937759,4.21778625098127,9.05027798591399,6.84405343763123e-12,5.57961456502886e-09,5.20508274598796e-09,"AKAP8L/DDX17/SNRPD1/HNRNPL/SMN1/ACIN1/U2AF1/PABPC1/SAP18/SNRNP70/SMN2/EFTUD2/CDC5L/LUC7L2/LSM3/PPIL3/PRPF6/HNRNPC/SUGP1/NUP98/CTNNBL1/SMU1/PRPF8/RBM6/LSM2/SRSF4/TAF9/TMBIM6/SETX/SNU13/CASC3/PTBP1",32
"GO:0016236","macroautophagy","20/296","374/18805",0.053475935828877,3.397347882642,5.9220478250556,2.16311175975758e-06,0.0014107814897139,0.00131608273383146,"PRKACA/ATG13/UFC1/MFN2/WIPI2/TBC1D12/SPTLC1/RAB5A/RAB3GAP1/LARP1/VPS26A/WDFY3/RAB1B/MTMR3/PHB2/SMURF1/VPS41/EIF2AK1/RETREG3/ATP6V0A1",20
"GO:0034504","protein localization to nucleus","17/296","322/18805",0.0527950310559006,3.35408972637234,5.38820629783923,1.49454865501215e-05,0.00812287193999102,0.00757762388243001,"SKP1/WRAP53/LAMTOR5/HIKESHI/PARP9/NUP98/CTNNA1/LATS2/STAT3/MED1/PHB2/YWHAE/IPO5/PPP3CB/CCT3/CHP1/YWHAZ",17
