"ID","Description","GeneRatio","BgRatio","RichFactor","FoldEnrichment","zScore","pvalue","p.adjust","qvalue","geneID","Count"
"GO:0140297","DNA-binding transcription factor binding","24/294","488/18639",0.0491803278688525,3.11793241886919,6.00186457081078,9.45518844759742e-07,0.000657135597108021,0.000594183947706912,"FLNA/SRC/PPARD/IFI27/PIAS1/KDM3A/TRIP12/DAXX/CRTC2/ZNF516/NSD1/PRMT2/MED24/WBP2/RPS3/HMGA1/SLC30A9/RBFOX2/MEF2D/NBN/CHD4/YWHAZ/MED14/TBX2",24
"GO:0045296","cadherin binding","18/294","334/18639",0.0538922155688623,3.41665648295246,5.64180081731957,6.48792337965768e-06,0.00225455337443104,0.00203857381981876,"CAPZA1/FLNA/NUDC/SRC/DLG1/CBL/RPL7A/ERC1/LARP1/STK24/EIF4G2/CHMP4B/STAT1/ANXA2/YWHAE/YWHAZ/PICALM/TJP1",18
"GO:0016922","nuclear receptor binding","11/294","137/18639",0.0802919708029197,5.09034708774021,6.08310857241852,1.13610090310628e-05,0.00263196709219622,0.00237983241808579,"SRC/KDM3A/TRIP12/DAXX/NSD1/PRMT2/MED24/WBP2/HMGA1/SLC30A9/MED14",11
"GO:0043021","ribonucleoprotein complex binding","12/294","177/18639",0.0677966101694915,4.29816672431685,5.58128662894202,2.52841981196097e-05,0.00439312942328219,0.00397228059931763,"SNRPD1/SNRPN/GTPBP4/BAG6/PRPF6/SNRPG/LARP1/EIF5A/RPLP1/ITCH/EIF3C/NOMO3",12
"GO:0044325","transmembrane transporter binding","10/294","136/18639",0.0735294117647059,4.66161464585834,5.42544639848337,6.04890835432952e-05,0.00840798261251803,0.00760252271059941,"TCAF1/PPP2CB/FLNA/SRC/DLG1/PANX1/CALM3/ACTN1/YWHAE/YWHAZ",10
