"ID","Description","GeneRatio","BgRatio","RichFactor","FoldEnrichment","zScore","pvalue","p.adjust","qvalue","geneID","Count"
"GO:0000377","RNA splicing, via transesterification reactions with bulged adenosine as nucleophile","19/190","336/18805",0.056547619047619,5.59672619047619,8.58948221420082,1.49375066971471e-09,1.52226848078826e-06,1.41747244132293e-06,"SMU1/HNRNPL/SMN1/RBM6/LSM3/LSM2/PABPC1/SAP18/CASC3/SNRNP70/SMN2/HNRNPC/EFTUD2/NUP98/PTBP1/CDC5L/SF3B2/CTNNBL1/SRSF4",19
"GO:0000398","mRNA splicing, via spliceosome","19/190","336/18805",0.056547619047619,5.59672619047619,8.58948221420082,1.49375066971471e-09,1.52226848078826e-06,1.41747244132293e-06,"SMU1/HNRNPL/SMN1/RBM6/LSM3/LSM2/PABPC1/SAP18/CASC3/SNRNP70/SMN2/HNRNPC/EFTUD2/NUP98/PTBP1/CDC5L/SF3B2/CTNNBL1/SRSF4",19
"GO:0000375","RNA splicing, via transesterification reactions","19/190","340/18805",0.0558823529411765,5.53088235294118,8.51761468068288,1.81727236067042e-09,1.52226848078826e-06,1.41747244132293e-06,"SMU1/HNRNPL/SMN1/RBM6/LSM3/LSM2/PABPC1/SAP18/CASC3/SNRNP70/SMN2/HNRNPC/EFTUD2/NUP98/PTBP1/CDC5L/SF3B2/CTNNBL1/SRSF4",19
"GO:0008380","RNA splicing","20/190","482/18805",0.04149377593361,4.10679187595545,6.98084171133456,9.93344928231515e-08,6.24068951161449e-05,5.81106783015436e-05,"SMU1/HNRNPL/SMN1/RBM6/LSM3/LSM2/PABPC1/SAP18/CASC3/SNRNP70/SMN2/HNRNPC/SUGP1/EFTUD2/NUP98/PTBP1/CDC5L/SF3B2/CTNNBL1/SRSF4",20
"GO:1900180","regulation of protein localization to nucleus","9/190","146/18805",0.0616438356164384,6.10111751982696,6.2512659542404,1.78456476916033e-05,0.00896922252979981,0.00835176311967034,"MARK3/LAMTOR5/IPO5/PPP3CB/MTOR/YWHAZ/PARP9/CTNNA1/LATS2",9
