"ID","Description","GeneRatio","BgRatio","RichFactor","FoldEnrichment","zScore","pvalue","p.adjust","qvalue","geneID","Count"
"GO:0036464","cytoplasmic ribonucleoprotein granule","15/211","261/19880",0.0574712643678161,5.41482813095822,7.43606154531248,1.35023617423068e-07,2.76585107160447e-05,2.33058982539713e-05,"PSMA2/LSM14A/RC3H1/RC3H2/SMN1/TUBB/PABPC1/DCP2/GIGYF2/BTBD1/CASC3/VCP/LARP1/LARP4/RAC1",15
"GO:0005925","focal adhesion","19/211","424/19880",0.044811320754717,4.22203344361978,6.94598030855323,1.44440057295756e-07,2.76585107160447e-05,2.33058982539713e-05,"FLOT1/VASP/PRKAR2A/RDX/CYFIP1/PPP1R12A/PABPC1/YWHAE/NPM1/PTPN12/CHP1/PTK2/FERMT2/B2M/MAPRE1/ARHGEF2/RPS10/DNM2/RAC1",19
"GO:0030055","cell-substrate junction","19/211","434/19880",0.043778801843318,4.12475156703868,6.8169886813739,2.06921526553951e-07,2.76585107160447e-05,2.33058982539713e-05,"FLOT1/VASP/PRKAR2A/RDX/CYFIP1/PPP1R12A/PABPC1/YWHAE/NPM1/PTPN12/CHP1/PTK2/FERMT2/B2M/MAPRE1/ARHGEF2/RPS10/DNM2/RAC1",19
"GO:0035770","ribonucleoprotein granule","15/211","278/19880",0.0539568345323741,5.08370554741041,7.10189063164983,3.04693813277925e-07,3.0545554781112e-05,2.57386089637405e-05,"PSMA2/LSM14A/RC3H1/RC3H2/SMN1/TUBB/PABPC1/DCP2/GIGYF2/BTBD1/CASC3/VCP/LARP1/LARP4/RAC1",15
"GO:0010494","cytoplasmic stress granule","9/211","96/19880",0.09375,8.83293838862559,7.96802393008304,8.40929769351896e-07,6.7442567502022e-05,5.68291486235702e-05,"LSM14A/RC3H1/RC3H2/PABPC1/GIGYF2/CASC3/VCP/LARP1/LARP4",9
