"ID","Description","GeneRatio","BgRatio","RichFactor","FoldEnrichment","zScore","pvalue","p.adjust","qvalue","geneID","Count"
"GO:0044389","ubiquitin-like protein ligase binding","18/286","322/18639",0.0559006211180124,3.6431177518134,5.97236597555458,2.65420379777189e-06,0.00143568782948877,0.00128843779569505,"PIAS2/WRAP53/PARP1/VCP/PRKAR2A/PRKAR2B/SUMO2/FAF1/CLU/UBE2K/ITCH/RNF34/TMBIM6/TUBB/YWHAE/CASC3/XRCC5/BRCA1",18
"GO:0031625","ubiquitin protein ligase binding","17/286","302/18639",0.0562913907284768,3.66858472653175,5.8364593218638,4.60156355605376e-06,0.00143568782948877,0.00128843779569505,"PIAS2/WRAP53/PARP1/VCP/PRKAR2A/PRKAR2B/SUMO2/FAF1/CLU/UBE2K/RNF34/TMBIM6/TUBB/YWHAE/CASC3/XRCC5/BRCA1",17
"GO:0017069","snRNA binding","7/286","54/18639",0.12962962962963,8.4481351981352,6.84214520313763,1.77842213018573e-05,0.00369911803078631,0.00331972130968002,"NCBP2/SNRNP70/EFTUD2/LSM3/PRPF8/LSM2/SNU13",7
"GO:0016874","ligase activity","11/286","167/18639",0.0658682634730539,4.29272224781207,5.33562761527429,5.5685338978868e-05,0.00868691288070341,0.00779594745704152,"LARS2/GART/FARSB/ATP6V1A/RARS2/YARS1/GMPS/ITCH/LIG1/MARS1/GSS",11
