"ID","Description","GeneRatio","BgRatio","RichFactor","FoldEnrichment","zScore","pvalue","p.adjust","qvalue","geneID","Count"
"GO:0051018","protein kinase A binding","8/258","53/18639",0.150943396226415,10.9047827994735,8.55489855411012,6.25573096489682e-07,0.000282355303483193,0.000231633211654114,"PRKACA/AKAP8L/PJA2/PRKAR1B/PRKAR2A/GSK3B/GSK3A/DACT3",8
"GO:0034236","protein kinase A catalytic subunit binding","5/258","14/18639",0.357142857142857,25.8014950166113,10.998125645353,8.83741168961481e-07,0.000282355303483193,0.000231633211654114,"PJA2/PRKAR1B/PRKAR2A/GSK3B/GSK3A",5
"GO:0044389","ubiquitin-like protein ligase binding","17/258","322/18639",0.0527950310559006,3.81413404593384,6.03490562183491,2.72114001901429e-06,0.000579602824050043,0.000475483413848812,"PRKACA/WRAP53/AURKA/SLF2/BAG6/PARP9/PRKAR2A/NPLOC4/SUMO2/GSK3B/RNF34/TRIM37/TUBB/YWHAE/CASC3/XRCC5/BRCA1",17
"GO:0031625","ubiquitin protein ligase binding","16/258","302/18639",0.0529801324503311,3.82750654551055,5.86905105010514,5.13992056008237e-06,0.000821102309473159,0.000673600115505532,"PRKACA/WRAP53/AURKA/SLF2/BAG6/PRKAR2A/NPLOC4/SUMO2/GSK3B/RNF34/TRIM37/TUBB/YWHAE/CASC3/XRCC5/BRCA1",16
