"ID","Description","GeneRatio","BgRatio","RichFactor","FoldEnrichment","zScore","pvalue","p.adjust","qvalue","geneID","Count"
"GO:0005925","focal adhesion","19/222","424/19880",0.044811320754717,4.01283358830529,6.66400604892815,3.1938104171029e-07,9.25342019040261e-05,7.39087425536902e-05,"RPS5/NCKAP1/FLNB/TPM4/ARPC3/DCAF6/KRAS/ACTN1/PABPC1/IRF2/YWHAE/PTPN12/CHP1/RPS18/VIM/PTK2/CPNE3/SDCBP/PIP5K1A",19
"GO:0030055","cell-substrate junction","19/222","434/19880",0.043778801843318,3.92037198488811,6.53690218385122,4.55131896077177e-07,9.25342019040261e-05,7.39087425536902e-05,"RPS5/NCKAP1/FLNB/TPM4/ARPC3/DCAF6/KRAS/ACTN1/PABPC1/IRF2/YWHAE/PTPN12/CHP1/RPS18/VIM/PTK2/CPNE3/SDCBP/PIP5K1A",19
"GO:0005681","spliceosomal complex","13/222","208/19880",0.0625,5.59684684684685,7.08225456374123,6.50123198388942e-07,9.25342019040261e-05,7.39087425536902e-05,"SMU1/SNRPN/PPIL2/TRA2B/LSM2/PPIL3/PABPC1/ESS2/CASC3/SNRNP70/HNRNPC/SUGP1/EFTUD2",13
"GO:0071013","catalytic step 2 spliceosome","8/222","90/19880",0.0888888888888889,7.95995995995996,7.03249103972537,7.52818193896127e-06,0.000803633421984116,0.000641876565321961,"SNRPN/PPIL2/LSM2/PPIL3/PABPC1/ESS2/HNRNPC/EFTUD2",8
"GO:0010494","cytoplasmic stress granule","8/222","96/19880",0.0833333333333333,7.46246246246246,6.74498032294082,1.2160891262397e-05,0.0010385401138087,0.000829500793477183,"RBPMS2/IGF2BP1/LSM14A/RC3H2/FXR2/PABPC1/GIGYF2/CASC3",8
