"ID","Description","GeneRatio","BgRatio","RichFactor","FoldEnrichment","zScore","pvalue","p.adjust","qvalue","geneID","Count"
"GO:0044389","ubiquitin-like protein ligase binding","20/324","322/18639",0.062111801242236,3.57315389924086,6.19491315375038,9.95343544620911e-07,0.000594220096138684,0.000496624042263486,"PIAS2/WRAP53/MFN2/CBS/PIAS1/HERC2/BAG6/UCHL1/PARP9/PRKAR2A/NPLOC4/SUMO2/FAF1/CLU/ITCH/TMBIM6/TRIM37/YWHAE/CASC3/XRCC5",20
"GO:0043021","ribonucleoprotein complex binding","14/324","177/18639",0.0790960451977401,4.55021971123666,6.31206101203756,2.73141197782947e-06,0.000815326475382097,0.000681415409205879,"SNRPD1/SRP68/NPM1/MTOR/BAG6/PRPF6/CINP/UCHL1/SNRPG/LARP1/ABCF1/ITCH/NDUFAB1/NOMO3",14
"GO:0031625","ubiquitin protein ligase binding","18/324","302/18639",0.0596026490066225,3.42880794701987,5.65980152068547,6.18306287776443e-06,0.00123042951267512,0.00102834098388082,"PIAS2/WRAP53/MFN2/CBS/PIAS1/HERC2/BAG6/UCHL1/PRKAR2A/NPLOC4/SUMO2/FAF1/CLU/TMBIM6/TRIM37/YWHAE/CASC3/XRCC5",18
"GO:0004812","aminoacyl-tRNA ligase activity","6/324","41/18639",0.146341463414634,8.41869918699187,6.32492333366109,7.09209118374993e-05,0.00846795687339742,0.00707716046546836,"AARS1/LRRC47/EPRS1/LARS1/YARS1/MARS1",6
"GO:0016875","ligase activity, forming carbon-oxygen bonds","6/324","41/18639",0.146341463414634,8.41869918699187,6.32492333366109,7.09209118374993e-05,0.00846795687339742,0.00707716046546836,"AARS1/LRRC47/EPRS1/LARS1/YARS1/MARS1",6
