"ID","Description","GeneRatio","BgRatio","RichFactor","FoldEnrichment","zScore","pvalue","p.adjust","qvalue","geneID","Count"
"GO:0008380","RNA splicing","27/319","482/18805",0.0560165975103734,3.30216964320556,6.72607242957324,6.19074516319801e-08,0.000195875176963585,0.000176208157066183,"AKAP8L/SNRPD1/DDX39A/SMN1/PPIL2/SAP18/SNRNP70/SMN2/EFTUD2/CDC5L/LSM3/PRPF6/HNRNPC/SUGP1/NUP98/SNRPG/SMU1/TAF15/LSM2/SRSF4/TAF9/TMBIM6/SETX/SNU13/CASC3/METTL14/PTBP1",27
"GO:0000377","RNA splicing, via transesterification reactions with bulged adenosine as nucleophile","21/319","336/18805",0.0625,3.68436520376176,6.52211627562471,3.22176434423973e-07,0.000309695182048613,0.000278599964155782,"SNRPD1/DDX39A/SMN1/SAP18/SNRNP70/SMN2/EFTUD2/CDC5L/LSM3/PRPF6/HNRNPC/NUP98/SNRPG/SMU1/LSM2/SRSF4/SETX/SNU13/CASC3/METTL14/PTBP1",21
"GO:0000398","mRNA splicing, via spliceosome","21/319","336/18805",0.0625,3.68436520376176,6.52211627562471,3.22176434423973e-07,0.000309695182048613,0.000278599964155782,"SNRPD1/DDX39A/SMN1/SAP18/SNRNP70/SMN2/EFTUD2/CDC5L/LSM3/PRPF6/HNRNPC/NUP98/SNRPG/SMU1/LSM2/SRSF4/SETX/SNU13/CASC3/METTL14/PTBP1",21
"GO:0000375","RNA splicing, via transesterification reactions","21/319","340/18805",0.0617647058823529,3.64101973077632,6.45558251677671,3.91523618266262e-07,0.000309695182048613,0.000278599964155782,"SNRPD1/DDX39A/SMN1/SAP18/SNRNP70/SMN2/EFTUD2/CDC5L/LSM3/PRPF6/HNRNPC/NUP98/SNRPG/SMU1/LSM2/SRSF4/SETX/SNU13/CASC3/METTL14/PTBP1",21
"GO:0043161","proteasome-mediated ubiquitin-dependent protein catabolic process","23/319","467/18805",0.0492505353319058,2.9033113382962,5.47130945875016,5.3465239853019e-06,0.00338328037789904,0.00304357912763291,"SKP1/HUWE1/PJA2/PIAS1/HERC2/BAG6/TRIP12/UCHL1/CSNK1A1/NPLOC4/PSMD4/CLOCK/SUMO2/FAF1/CLU/ITCH/TBL1XR1/ARIH2/TAF9/GSK3A/SMURF1/SMARCC1/PSMD8",23
