"ID","Description","GeneRatio","BgRatio","RichFactor","FoldEnrichment","zScore","pvalue","p.adjust","qvalue","geneID","Count"
"GO:0016236","macroautophagy","17/187","374/18805",0.0454545454545455,4.57097715119105,6.99081540312622,2.12904158454432e-07,0.000547163687227889,0.000500436827188153,"PRKACA/SCFD1/WDR45B/TIGAR/ATG13/UFC1/MFN2/RAB5A/PHB2/WIPI2/ATP6V1A/RHEB/MTOR/ATP6V0A1/TBC1D12/RAB1B/LARP1",17
"GO:0000045","autophagosome assembly","9/187","119/18805",0.0756302521008403,7.60549139441873,7.24435711673659,2.96231609023676e-06,0.00380657617595424,0.00348150096289405,"SCFD1/WDR45B/ATG13/MFN2/RAB5A/WIPI2/MTOR/TBC1D12/RAB1B",9
"GO:1905037","autophagosome organization","9/187","126/18805",0.0714285714285714,7.1829640947288,6.97886178915678,4.75131614824282e-06,0.00407029416699468,0.00372269788036007,"SCFD1/WDR45B/ATG13/MFN2/RAB5A/WIPI2/MTOR/TBC1D12/RAB1B",9
