"ID","Description","GeneRatio","BgRatio","RichFactor","FoldEnrichment","zScore","pvalue","p.adjust","qvalue","geneID","Count"
"GO:0000775","chromosome, centromeric region","14/232","265/19880",0.0528301886792453,4.52700065061809,6.28082083607416,3.01286372024212e-06,0.00132566003690653,0.00111951672973207,"PPP2CB/AURKA/CCNB1/CENPH/NCAPD2/KNL1/CSNK1A1/STAG1/CLASP2/PPP2R5A/DCTN5/PPP1R12A/SEPTIN6/SKA2",14
"GO:0098687","chromosomal region","17/232","408/19880",0.0416666666666667,3.57040229885057,5.70043485162698,6.56696687168994e-06,0.00144473271177179,0.00122007331879292,"PPP2CB/WRAP53/AURKA/CCNB1/CENPH/NCAPD2/KNL1/CSNK1A1/STAG1/PRKDC/CLASP2/PPP2R5A/DCTN5/PPP1R12A/SEPTIN6/XRCC5/SKA2",17
"GO:0000779","condensed chromosome, centromeric region","11/232","186/19880",0.0591397849462366,5.06766777901372,6.0564350646583,1.23127091671503e-05,0.00166058963865824,0.0014023639771444,"AURKA/CCNB1/CENPH/NCAPD2/KNL1/CSNK1A1/CLASP2/DCTN5/PPP1R12A/SEPTIN6/SKA2",11
"GO:0005819","spindle","17/232","435/19880",0.0390804597701149,3.34879112168054,5.3822905193966,1.50962694423477e-05,0.00166058963865824,0.0014023639771444,"PPP2CB/NUDC/AURKA/CCNB1/HAUS6/TUBB6/UHRF1/CSNK1A1/STAG1/SAC3D1/CLASP2/TBL1XR1/LSM14A/TUBB/SEPTIN6/SKA2/MAPRE1",17
"GO:0000776","kinetochore","10/232","174/19880",0.0574712643678161,4.92469282600079,5.65019115524832,3.92022370888416e-05,0.00344979686381806,0.00291334519839181,"AURKA/CCNB1/CENPH/KNL1/CSNK1A1/CLASP2/DCTN5/PPP1R12A/SEPTIN6/SKA2",10
"GO:0072686","mitotic spindle","10/232","182/19880",0.0549450549450549,4.70822281167109,5.46100448499162,5.73450157268656e-05,0.00420530115330348,0.00355136676343571,"NUDC/AURKA/HAUS6/TUBB6/STAG1/CLASP2/TBL1XR1/LSM14A/TUBB/MAPRE1",10
"GO:1990391","DNA repair complex","4/232","23/19880",0.173913043478261,14.9025487256372,7.24909198360781,0.000134426145747249,0.00763410352149247,0.00644698216049484,"DCLRE1C/PRKDC/XRCC5/BRCA1",4
"GO:0000793","condensed chromosome","12/232","285/19880",0.0421052631578947,3.60798548094374,4.81877945393344,0.000138801882208954,0.00763410352149247,0.00644698216049484,"AURKA/CCNB1/CENPH/NCAPD2/KNL1/CSNK1A1/CLASP2/DCTN5/PPP1R12A/SEPTIN6/SKA2/BRCA1",12
"GO:0005874","microtubule","16/232","486/19880",0.0329218106995885,2.82105860649922,4.41662418559679,0.000200256757012375,0.00979033034282721,0.00826791055267465,"FAM161B/NUDC/AURKA/TBCE/HAUS6/CCT7/GAS8/TUBB6/KIF1B/CLASP2/TPGS2/TUBB/REEP3/CCT3/SKA2/MAPRE1",16
