"ID","Description","GeneRatio","BgRatio","RichFactor","FoldEnrichment","zScore","pvalue","p.adjust","qvalue","geneID","Count"
"GO:0045727","positive regulation of translation","12/232","140/18805",0.0857142857142857,6.94766009852217,7.89449304036716,1.69775781522676e-07,0.000166946158782369,0.000149405301936134,"ABCF1/EIF4G2/PRKDC/FXR2/USP16/EIF3D/PABPC1/NPM1/MTOR/METTL14/CNBP/LARP1",12
"GO:0000377","RNA splicing, via transesterification reactions with bulged adenosine as nucleophile","18/232","336/18805",0.0535714285714286,4.34228756157635,6.90907401358808,2.06859454517446e-07,0.000166946158782369,0.000149405301936134,"RBPMS2/DDX17/DDX39A/SNRPN/PRPF8/SMN1/RBM6/LSM2/PPIL3/PABPC1/SAP18/CASC3/HNRNPC/METTL14/RBM5/NUP98/PTBP1/CDC5L",18
"GO:0000398","mRNA splicing, via spliceosome","18/232","336/18805",0.0535714285714286,4.34228756157635,6.90907401358808,2.06859454517446e-07,0.000166946158782369,0.000149405301936134,"RBPMS2/DDX17/DDX39A/SNRPN/PRPF8/SMN1/RBM6/LSM2/PPIL3/PABPC1/SAP18/CASC3/HNRNPC/METTL14/RBM5/NUP98/PTBP1/CDC5L",18
"GO:0000375","RNA splicing, via transesterification reactions","18/232","340/18805",0.0529411764705882,4.29120182555781,6.84458942749969,2.46414994512722e-07,0.000166946158782369,0.000149405301936134,"RBPMS2/DDX17/DDX39A/SNRPN/PRPF8/SMN1/RBM6/LSM2/PPIL3/PABPC1/SAP18/CASC3/HNRNPC/METTL14/RBM5/NUP98/PTBP1/CDC5L",18
"GO:0006417","regulation of translation","20/232","451/18805",0.0443458980044346,3.59450263781635,6.23311454842912,8.75041343088736e-07,0.000474272407954095,0.000424441106205568,"ABCF1/EPRS1/LSM14A/EIF4G2/SARNP/PRKDC/FXR2/USP16/CNOT1/EIF3D/PABPC1/GIGYF2/CASC3/NPM1/EIF2AK1/MTOR/METTL14/CNBP/CNOT10/LARP1",20
"GO:0008380","RNA splicing","20/232","482/18805",0.04149377593361,3.36332093289455,5.87456906996432,2.42556857155748e-06,0.0010955484714868,0.000980440348924288,"RBPMS2/DDX17/DDX39A/SNRPN/TAF15/PRPF8/SMN1/RBM6/CLASRP/LSM2/PPIL3/PABPC1/SAP18/CASC3/HNRNPC/METTL14/RBM5/NUP98/PTBP1/CDC5L",20
"GO:1903311","regulation of mRNA metabolic process","18/232","404/18805",0.0445544554455446,3.61140747695459,5.93024583914426,2.9439211374451e-06,0.00113971804035375,0.00101996906777045,"RBPMS2/PTCD2/DDX17/TAF15/FXR2/CNOT1/PABPC1/SAP18/GIGYF2/CASC3/NPM1/HNRNPC/METTL14/CNOT10/RBM5/NUP98/PTBP1/LARP1",18
"GO:0006413","translational initiation","9/232","124/18805",0.0725806451612903,5.88309927697442,6.09725587167184,2.35205928617761e-05,0.00796760083192666,0.00713045341493845,"ABCF1/EIF4G2/EIF3D/GIGYF2/NPM1/EIF2AK1/MTOR/LARP1/EIF1AX",9
