"ID","Description","GeneRatio","BgRatio","RichFactor","FoldEnrichment","zScore","pvalue","p.adjust","qvalue","geneID","Count"
"GO:0036464","cytoplasmic ribonucleoprotein granule","16/243","261/19880",0.0613026819923372,5.01521530044306,7.26362628041727,1.47559301450698e-07,6.24175845136454e-05,5.42086275855724e-05,"RBPMS2/EDC3/LSM14A/UBAP2L/SMN1/SARNP/FXR2/CNOT1/RAC1/LSM2/PABPC1/G3BP1/GIGYF2/CASC3/RPL28/LARP1",16
"GO:0035770","ribonucleoprotein granule","16/243","278/19880",0.0575539568345324,4.70852947271812,6.92686580285043,3.46925990997824e-07,7.33748470960398e-05,6.3724826767495e-05,"RBPMS2/EDC3/LSM14A/UBAP2L/SMN1/SARNP/FXR2/CNOT1/RAC1/LSM2/PABPC1/G3BP1/GIGYF2/CASC3/RPL28/LARP1",16
"GO:0010494","cytoplasmic stress granule","9/243","96/19880",0.09375,7.66975308641975,7.28704002776215,2.70262429278959e-06,0.000381070025283332,0.000330952939713532,"RBPMS2/LSM14A/UBAP2L/FXR2/PABPC1/G3BP1/GIGYF2/CASC3/LARP1",9
