"ID","Description","GeneRatio","BgRatio","RichFactor","FoldEnrichment","zScore","pvalue","p.adjust","qvalue","geneID","Count"
"GO:0044389","ubiquitin-like protein ligase binding","18/304","322/18639",0.0559006211180124,3.42740683229814,5.65769226510368,6.21870254584381e-06,0.00333047793741186,0.00282845437782314,"PRKACA/PIAS2/MFN2/CUL1/SLF2/PRKAR2A/PRKAR2B/SUMO2/CLU/UBE2K/GSK3B/ITCH/TMBIM6/TRIM37/TUBB/YWHAE/CASC3/XRCC5",18
"GO:0031625","ubiquitin protein ligase binding","17/304","302/18639",0.0562913907284768,3.45136589403974,5.53023334869279,1.02951404556781e-05,0.00333047793741186,0.00282845437782314,"PRKACA/PIAS2/MFN2/CUL1/SLF2/PRKAR2A/PRKAR2B/SUMO2/CLU/UBE2K/GSK3B/TMBIM6/TRIM37/TUBB/YWHAE/CASC3/XRCC5",17
"GO:0051018","protein kinase A binding","7/304","53/18639",0.132075471698113,8.09787735849057,6.66299439319503,2.32237182427574e-05,0.00500858190102134,0.00425360734130504,"PRKACA/AKAP8L/RDX/PRKAR2A/PRKAR2B/GSK3B/AKAP10",7
