"ID","Description","GeneRatio","BgRatio","RichFactor","FoldEnrichment","zScore","pvalue","p.adjust","qvalue","geneID","Count"
"GO:0008380","RNA splicing","27/331","482/18805",0.0560165975103734,3.18245352321019,6.49723957134311,1.3166209576592e-07,0.000463187252904506,0.000430881532353942,"AKAP8L/CWC22/DDX39A/SMN1/PPIL2/U2AF1/PABPC1/SNRNP70/TADA3/EFTUD2/PPIL3/PRPF6/HNRNPC/SUGP1/PRPF8/LSM2/RTRAF/RBPMS2/C2orf49/SETX/CLASRP/NCL/SNU13/TRA2A/HNRNPM/CASC3/RBM42",27
"GO:0000377","RNA splicing, via transesterification reactions with bulged adenosine as nucleophile","20/331","336/18805",0.0595238095238095,3.38170766796144,5.89651016336212,2.3311621022133e-06,0.00245451884917301,0.00228332458695996,"CWC22/DDX39A/SMN1/U2AF1/PABPC1/SNRNP70/EFTUD2/PPIL3/PRPF6/HNRNPC/PRPF8/LSM2/RBPMS2/SETX/NCL/SNU13/TRA2A/HNRNPM/CASC3/RBM42",20
"GO:0000398","mRNA splicing, via spliceosome","20/331","336/18805",0.0595238095238095,3.38170766796144,5.89651016336212,2.3311621022133e-06,0.00245451884917301,0.00228332458695996,"CWC22/DDX39A/SMN1/U2AF1/PABPC1/SNRNP70/EFTUD2/PPIL3/PRPF6/HNRNPC/PRPF8/LSM2/RBPMS2/SETX/NCL/SNU13/TRA2A/HNRNPM/CASC3/RBM42",20
"GO:0000375","RNA splicing, via transesterification reactions","20/331","340/18805",0.0588235294117647,3.34192287186778,5.83305456572464,2.79081165340876e-06,0.00245451884917301,0.00228332458695996,"CWC22/DDX39A/SMN1/U2AF1/PABPC1/SNRNP70/EFTUD2/PPIL3/PRPF6/HNRNPC/PRPF8/LSM2/RBPMS2/SETX/NCL/SNU13/TRA2A/HNRNPM/CASC3/RBM42",20
"GO:0006450","regulation of translational fidelity","5/331","18/18805",0.277777777777778,15.7813024504867,8.3980583316181,1.16335335529842e-05,0.00818535420787967,0.00761445385604797,"IARS1/VARS2/IARS2/LARS1/RPS5",5
