"ID","Description","GeneRatio","BgRatio","RichFactor","FoldEnrichment","zScore","pvalue","p.adjust","qvalue","geneID","Count"
"GO:0061629","RNA polymerase II-specific DNA-binding transcription factor binding","20/333","349/18639",0.0573065902578797,3.20762022767753,5.61507119132935,5.16117374276353e-06,0.00366959453110487,0.00335747934002933,"PIAS2/PPARD/BBS7/NPM1/TADA3/NCOA1/TRIP12/ASAH1/NSD1/WBP2/STAT3/FAF1/CNOT1/GTF2I/SLC30A9/MED1/MEF2D/EXOSC9/MED14/TRIM32",20
"GO:0044389","ubiquitin-like protein ligase binding","18/333","322/18639",0.0559006211180124,3.12892395501091,5.19739774104593,2.13680645496614e-05,0.00733125640271491,0.0067077007282224,"PRKACA/PIAS2/WRAP53/MFN2/CBS/SLF2/PRKAR2A/PRKAR2B/SUMO2/FAF1/UBE2K/ITCH/RNF34/LRPPRC/TRIM37/TUBB/YWHAE/CASC3",18
"GO:0031625","ubiquitin protein ligase binding","17/333","302/18639",0.0562913907284768,3.15079649185609,5.08233970275117,3.31078946674176e-05,0.00733125640271491,0.0067077007282224,"PRKACA/PIAS2/WRAP53/MFN2/CBS/SLF2/PRKAR2A/PRKAR2B/SUMO2/FAF1/UBE2K/RNF34/LRPPRC/TRIM37/TUBB/YWHAE/CASC3",17
"GO:0051018","protein kinase A binding","7/333","53/18639",0.132075471698113,7.39265680775115,6.28566743773518,4.15192321444414e-05,0.00733125640271491,0.0067077007282224,"PRKACA/AKAP8L/RDX/EZR/PRKAR2A/PRKAR2B/DACT3",7
"GO:0002161","aminoacyl-tRNA editing activity","4/333","13/18639",0.307692307692308,17.2224532224532,7.89138894003082,6.2980372117651e-05,0.00733125640271491,0.0067077007282224,"IARS1/VARS2/IARS2/LARS1",4
"GO:0140297","DNA-binding transcription factor binding","22/333","488/18639",0.0450819672131148,2.52337173238813,4.59928759108301,7.2184298915238e-05,0.00733125640271491,0.0067077007282224,"PIAS2/PPARD/BBS7/NPM1/TADA3/NCOA1/NAAA/TRIP12/ASAH1/NSD1/CHCHD2/WBP2/STAT3/FAF1/CNOT1/GTF2I/SLC30A9/MED1/MEF2D/EXOSC9/MED14/TRIM32",22
"GO:0004812","aminoacyl-tRNA ligase activity","6/333","41/18639",0.146341463414634,8.19116677653263,6.21703352206589,8.24895235185925e-05,0.00733125640271491,0.0067077007282224,"IARS1/VARS2/IARS2/LARS1/YARS1/MARS1",6
"GO:0016875","ligase activity, forming carbon-oxygen bonds","6/333","41/18639",0.146341463414634,8.19116677653263,6.21703352206589,8.24895235185925e-05,0.00733125640271491,0.0067077007282224,"IARS1/VARS2/IARS2/LARS1/YARS1/MARS1",6
