"ID","Description","GeneRatio","BgRatio","RichFactor","FoldEnrichment","zScore","pvalue","p.adjust","qvalue","geneID","Count"
"GO:0005925","focal adhesion","24/324","424/19880",0.0566037735849057,3.47309573724668,6.62562475876747,1.39731250290101e-07,5.19789635535601e-05,4.45614554610011e-05,"RDX/CYFIP1/CLASP1/ARPC2/ANXA5/RPL12/DCAF6/KRAS/HSPA9/PTPN12/CTNNA1/RPS5/CLASP2/IRF2/NUMB/PPFIBP1/RPS18/ARPC3/ACTN1/YWHAE/VIM/YWHAZ/ITGAV/CDC42",24
"GO:0030055","cell-substrate junction","24/324","434/19880",0.0552995391705069,3.39307048984468,6.48806172610564,2.1434624145798e-07,5.19789635535601e-05,4.45614554610011e-05,"RDX/CYFIP1/CLASP1/ARPC2/ANXA5/RPL12/DCAF6/KRAS/HSPA9/PTPN12/CTNNA1/RPS5/CLASP2/IRF2/NUMB/PPFIBP1/RPS18/ARPC3/ACTN1/YWHAE/VIM/YWHAZ/ITGAV/CDC42",24
"GO:0071203","WASH complex","5/324","15/19880",0.333333333333333,20.4526748971193,9.70086433745431,2.92794119932487e-06,0.000473350493890853,0.000405802376748534,"CAPZA1/WASHC2A/DNAJC13/SNX27/WASHC4",5
"GO:0030904","retromer complex","5/324","21/19880",0.238095238095238,14.6090534979424,8.03135158864285,1.83069958818935e-05,0.00221972325067959,0.00190296404561788,"VPS26A/SNX3/SNX27/TRIM27/TBC1D5",5
"GO:0032040","small-subunit processome","8/324","74/19880",0.108108108108108,6.6332999666333,6.24899400027051,2.70302139866253e-05,0.00262193075670266,0.00224777568941411,"DCAF13/RPS24/BMS1/RRP7A/RPS12/RPS5/SNU13/XRCC5",8
"GO:0009295","nucleoid","6/324","49/19880",0.122448979591837,7.51322751322751,5.87559346560929,0.000138679166244249,0.00960848508978008,0.00823733393480875,"HADHA/HSPA9/LONP1/SSBP1/DNAJA3/LRPPRC",6
"GO:0042645","mitochondrial nucleoid","6/324","49/19880",0.122448979591837,7.51322751322751,5.87559346560929,0.000138679166244249,0.00960848508978008,0.00823733393480875,"HADHA/HSPA9/LONP1/SSBP1/DNAJA3/LRPPRC",6
