"ID","Description","GeneRatio","BgRatio","RichFactor","FoldEnrichment","zScore","pvalue","p.adjust","qvalue","geneID","Count"
"GO:0045296","cadherin binding","21/313","334/18639",0.062874251497006,3.74413154521628,6.61349872915569,2.4593472536408e-07,0.000154447007528642,0.000142901019369444,"CAPZA1/NUDC/RDX/DLG1/ERC1/EIF2S3/AHSA1/VAPA/GIGYF2/SEPTIN7/CTNNA1/PCMT1/NUMB/PPFIBP1/ANXA2/CAST/RPL14/YWHAE/YWHAZ/GAPVD1/PICALM",21
"GO:0016874","ligase activity","14/313","167/18639",0.0838323353293413,4.9921753936217,6.77249776613476,9.09456556507208e-07,0.000285569358743263,0.000264221062732621,"UBA6/GART/IARS1/EPRS1/ATP6V1A/RARS2/IARS2/TTLL7/SUCLA2/LARS1/GMPS/ITCH/ATP5PO/LIG1",14
"GO:0051020","GTPase binding","17/313","315/18639",0.053968253968254,3.21378366042903,5.1786706794668,2.57890222756783e-05,0.00539850199637531,0.00499492641971031,"CYFIP1/GOLGA5/IARS1/ERC1/EPRS1/IPO7/RAB3GAP1/CYFIP2/LSM2/STRN3/CDC42BPB/GNB1/XPO1/AKAP13/GAPVD1/PICALM/RAPGEF6",17
