"ID","Description","GeneRatio","BgRatio","RichFactor","FoldEnrichment","zScore","pvalue","p.adjust","qvalue","geneID","Count"
"GO:0003735","structural constituent of ribosome","9/126","175/18639",0.0514285714285714,7.60775510204082,7.24530367613334,2.96431487669066e-06,0.00118276163579957,0.0010453110354646,"RPS23/RPS16/RPL38/RPS9/RPL13A/RPL18A/MRPL41/RPL3/RPL8",9
"GO:0008641","ubiquitin-like modifier activating enzyme activity","3/126","10/18639",0.3,44.3785714285714,11.3194936396445,3.49633257736117e-05,0.00697518349183553,0.00616458638639995,"UBA6/UBA1/UBA2",3
