"ID","Description","GeneRatio","BgRatio","RichFactor","FoldEnrichment","zScore","pvalue","p.adjust","qvalue","geneID","Count"
"GO:0016607","nuclear speck","15/184","415/19880",0.036144578313253,3.90518596123625,5.78079996699998,7.80828364094437e-06,0.0018000164400487,0.00154094256215212,"COPS4/SNURF/SMU1/DDX39A/SARNP/TRIP12/HIKESHI/CASC3/SNRNP70/ATP6V0A1/NFKBIZ/EFTUD2/MORF4L1/PIP5K1A/CSNK1A1",15
"GO:0005925","focal adhesion","15/184","424/19880",0.035377358490566,3.82229286300246,5.67773851660239,1.0076373697762e-05,0.0018000164400487,0.00154094256215212,"RPS5/FLNB/RPLP0/ARPC3/ARPC2/KRAS/YWHAE/AIF1L/RPLP1/PTPN12/PTK2/CPNE3/YWHAZ/PIP5K1A/ARHGEF2",15
"GO:0030055","cell-substrate junction","15/184","434/19880",0.0345622119815668,3.73422159887798,5.56647924727372,1.32679344475334e-05,0.0018000164400487,0.00154094256215212,"RPS5/FLNB/RPLP0/ARPC3/ARPC2/KRAS/YWHAE/AIF1L/RPLP1/PTPN12/PTK2/CPNE3/YWHAZ/PIP5K1A/ARHGEF2",15
