"ID","Description","GeneRatio","BgRatio","RichFactor","FoldEnrichment","zScore","pvalue","p.adjust","qvalue","geneID","Count"
"GO:0008380","RNA splicing","23/287","482/18805",0.0477178423236514,3.12659938988246,5.88816461454874,1.52811255496302e-06,0.00294735043211648,0.00263191158926938,"AKAP8L/DDX17/SNRPD1/HNRNPL/SMN1/U2AF1/PABPC1/SAP18/SMN2/LUC7L2/SUGP1/SNRPG/PRPF8/RBM6/SNRPD2/RTRAF/RBPMS2/TAF9/TMBIM6/PQBP1/SNU13/CASC3/PTBP1",23
"GO:0000956","nuclear-transcribed mRNA catabolic process","11/287","124/18805",0.0887096774193548,5.81249297516017,6.69344841434547,3.17520775422846e-06,0.00294735043211648,0.00263191158926938,"CSDE1/EDC3/RC3H1/PABPC1/DCP2/DCP1A/NBAS/RC3H2/NBDY/CNOT10/CASC3",11
"GO:0000377","RNA splicing, via transesterification reactions with bulged adenosine as nucleophile","18/287","336/18805",0.0535714285714286,3.5101418616227,5.77983238779729,4.47379597026593e-06,0.00294735043211648,0.00263191158926938,"DDX17/SNRPD1/HNRNPL/SMN1/U2AF1/PABPC1/SAP18/SMN2/LUC7L2/SNRPG/PRPF8/RBM6/SNRPD2/RBPMS2/PQBP1/SNU13/CASC3/PTBP1",18
"GO:0000398","mRNA splicing, via spliceosome","18/287","336/18805",0.0535714285714286,3.5101418616227,5.77983238779729,4.47379597026593e-06,0.00294735043211648,0.00263191158926938,"DDX17/SNRPD1/HNRNPL/SMN1/U2AF1/PABPC1/SAP18/SMN2/LUC7L2/SNRPG/PRPF8/RBM6/SNRPD2/RBPMS2/PQBP1/SNU13/CASC3/PTBP1",18
"GO:0000375","RNA splicing, via transesterification reactions","18/287","340/18805",0.0529411764705882,3.46884607501537,5.71910205102335,5.27061232212773e-06,0.00294735043211648,0.00263191158926938,"DDX17/SNRPD1/HNRNPL/SMN1/U2AF1/PABPC1/SAP18/SMN2/LUC7L2/SNRPG/PRPF8/RBM6/SNRPD2/RBPMS2/PQBP1/SNU13/CASC3/PTBP1",18
"GO:0042176","regulation of protein catabolic process","19/287","375/18805",0.0506666666666667,3.31981416957027,5.64904706147785,5.42956788231468e-06,0.00294735043211648,0.00263191158926938,"PRKACA/HMGCR/RDX/AURKA/DDB1/USP5/PIAS1/VCP/NRDC/CSNK1A1/ODC1/SUMO2/NDFIP1/CLU/UBE2K/ITCH/ZYG11B/TAF9/SNX3",19
