"ID","Description","GeneRatio","BgRatio","RichFactor","FoldEnrichment","zScore","pvalue","p.adjust","qvalue","geneID","Count"
"GO:0043021","ribonucleoprotein complex binding","13/263","177/18639",0.0734463276836158,5.20519430302249,6.72489277458922,1.43363279781644e-06,0.000926126787389422,0.000823961586955555,"SNRPD1/GTPBP4/NPM1/BAG6/PRPF6/CINP/SNRPG/ABCF1/RPLP1/NDUFAB1/PQBP1/NOMO3/EIF4A3",13
"GO:0004812","aminoacyl-tRNA ligase activity","6/263","41/18639",0.146341463414634,10.3713252341649,7.1864077323493,2.21483221894769e-05,0.00476927204480069,0.00424315225103663,"AARS1/LARS2/EPRS1/LARS1/YARS1/MARS1",6
"GO:0016875","ligase activity, forming carbon-oxygen bonds","6/263","41/18639",0.146341463414634,10.3713252341649,7.1864077323493,2.21483221894769e-05,0.00476927204480069,0.00424315225103663,"AARS1/LARS2/EPRS1/LARS1/YARS1/MARS1",6
"GO:0044389","ubiquitin-like protein ligase binding","15/263","322/18639",0.046583850931677,3.30143116926056,4.98368736651677,5.66812138719952e-05,0.00915401604032722,0.00814419546687088,"WRAP53/CCNB1/CBS/PIAS1/SLF2/BAG6/KDM4A/PARP9/NPLOC4/SUMO2/UBE2K/TRIM37/YWHAE/CASC3/BRCA1",15
