"ID","Description","GeneRatio","BgRatio","RichFactor","FoldEnrichment","zScore","pvalue","p.adjust","qvalue","geneID","Count"
"GO:0005925","focal adhesion","19/265","424/19880",0.044811320754717,3.36169455322179,5.71354858935154,4.55375322556929e-06,0.0014272427824938,0.00113429915195264,"CYFIP1/SRP68/NPM1/RPS3A/PTK7/PTPN12/ARHGEF2/RPS5/FLNB/RPLP0/RPLP1/PVR/RPS18/SDCBP/PPP1R12A/ACTN1/YWHAE/CHP1/YWHAZ",19
"GO:0030055","cell-substrate junction","19/265","434/19880",0.043778801843318,3.28423615337797,5.59238127147616,6.35742887525078e-06,0.0014272427824938,0.00113429915195264,"CYFIP1/SRP68/NPM1/RPS3A/PTK7/PTPN12/ARHGEF2/RPS5/FLNB/RPLP0/RPLP1/PVR/RPS18/SDCBP/PPP1R12A/ACTN1/YWHAE/CHP1/YWHAZ",19
"GO:0098687","chromosomal region","18/265","408/19880",0.0441176470588235,3.30965593784684,5.47896010237403,1.00808308260238e-05,0.00150876434696156,0.00119908829825336,"ERCC1/WRAP53/CCNB1/EID3/CENPH/NCAPD2/KNL1/CSNK1A1/DAPK3/PRKDC/PPP2R5A/PPP1R12A/THOC5/KIF2C/SMARCC1/SEPTIN6/XRCC5/CENPS",18
"GO:0042470","melanosome","9/265","111/19880",0.0810810810810811,6.08261091279959,6.24140049230211,1.79333803313017e-05,0.00161041755375089,0.00127987703838132,"ERP29/RAB5A/SLC1A5/ANXA2/SDCBP/RPN1/YWHAE/YWHAZ/ATP6V0A1",9
"GO:0048770","pigment granule","9/265","111/19880",0.0810810810810811,6.08261091279959,6.24140049230211,1.79333803313017e-05,0.00161041755375089,0.00127987703838132,"ERP29/RAB5A/SLC1A5/ANXA2/SDCBP/RPN1/YWHAE/YWHAZ/ATP6V0A1",9
"GO:0016607","nuclear speck","17/265","415/19880",0.0409638554216867,3.07306205955899,4.96061126677853,4.5422803679872e-05,0.00339913980871042,0.00270146148201344,"AKAP8L/CWC22/DDX39A/ITPKC/SNRNP70/TRIP12/PRPF6/CSNK1A1/PRPF8/RBBP6/PSPC1/HEATR5B/SON/AK6/PQBP1/ATP6V0A1/BRD2",17
"GO:0005819","spindle","17/265","435/19880",0.0390804597701149,2.93177184992409,4.73502782562017,8.10090285613133e-05,0.00519615054628995,0.00412963318530605,"NUDC/CCNB1/NPM1/TADA3/HAUS6/UHRF1/ARHGEF2/CSNK1A1/DAPK3/SAC3D1/BIRC6/LSM14A/TBL1XR1/TFDP2/WDR62/KIF2C/SEPTIN6",17
