"ID","Description","GeneRatio","BgRatio","RichFactor","FoldEnrichment","zScore","pvalue","p.adjust","qvalue","geneID","Count"
"GO:0043021","ribonucleoprotein complex binding","16/325","177/18639",0.0903954802259887,5.18425032594524,7.45100144738551,8.85293082849808e-08,5.49767004449731e-05,4.65011840360057e-05,"GTPBP4/NPM1/MTOR/NOMO1/BAG6/G3BP1/PRPF6/CINP/SNRPG/DHX9/ABCF1/YTHDF1/RPLP1/ITCH/LEMD3/PQBP1",16
"GO:0004812","aminoacyl-tRNA ligase activity","7/325","41/18639",0.170731707317073,9.7915947467167,7.50716906984693,6.2066783624891e-06,0.00128478242103524,0.00108671315890599,"LRRC47/EPRS1/RARS2/IARS2/LARS1/YARS1/MARS1",7
"GO:0016875","ligase activity, forming carbon-oxygen bonds","7/325","41/18639",0.170731707317073,9.7915947467167,7.50716906984693,6.2066783624891e-06,0.00128478242103524,0.00108671315890599,"LRRC47/EPRS1/RARS2/IARS2/LARS1/YARS1/MARS1",7
"GO:0044389","ubiquitin-like protein ligase binding","18/325","322/18639",0.0559006211180124,3.2059436215958,5.31918262298749,1.54391745860603e-05,0.00239693185448587,0.00202740739959056,"PIAS2/WRAP53/MFN2/CCNB1/PIAS1/HERC2/BAG6/SUMO2/FAF1/CLU/UBE2K/ITCH/TMBIM6/TRIM37/YWHAE/CASC3/XRCC5/BRCA1",18
"GO:0016408","C-acyltransferase activity","5/325","20/18639",0.25,14.3376923076923,7.95000213745004,1.95390656647656e-05,0.00242675195556388,0.00205263026667748,"HADHA/ACAT1/SPTLC1/HADHB/ACAA2",5
"GO:0140852","histone ubiquitin ligase activity","4/325","13/18639",0.307692307692308,17.6463905325444,7.99800525758481,5.72957987447874e-05,0.00593011517008549,0.00501589536379805,"HUWE1/UHRF1/TRIM37/BRCA1",4
"GO:0031625","ubiquitin protein ligase binding","16/325","302/18639",0.0529801324503311,3.03845134997453,4.75761625388709,8.6383525535066e-05,0.00766345276532514,0.00648201191608992,"PIAS2/WRAP53/MFN2/PIAS1/HERC2/BAG6/SUMO2/FAF1/CLU/UBE2K/TMBIM6/TRIM37/YWHAE/CASC3/XRCC5/BRCA1",16
