"ID","Description","GeneRatio","BgRatio","RichFactor","FoldEnrichment","zScore","pvalue","p.adjust","qvalue","geneID","Count"
"GO:0044389","ubiquitin-like protein ligase binding","18/272","322/18639",0.0559006211180124,3.83063116550968,6.23518063796688,1.29952146901039e-06,0.000721482717592545,0.000663290673384807,"PRKACA/PIAS2/WRAP53/MFN2/CBS/PIAS1/PRKAR2A/SUMO2/FAF1/CLU/UBE2K/ITCH/TUBB/RPL5/YWHAE/CASC3/XRCC5/BRCA1",18
"GO:0031625","ubiquitin protein ligase binding","17/272","302/18639",0.0562913907284768,3.85740894039735,6.0922360326425,2.34247635581995e-06,0.000721482717592545,0.000663290673384807,"PRKACA/PIAS2/WRAP53/MFN2/CBS/PIAS1/PRKAR2A/SUMO2/FAF1/CLU/UBE2K/TUBB/RPL5/YWHAE/CASC3/XRCC5/BRCA1",17
"GO:0004812","aminoacyl-tRNA ligase activity","6/272","41/18639",0.146341463414634,10.028156384505,7.04243541205975,2.67629369601845e-05,0.00412149229186841,0.00378906844331033,"LARS2/IARS1/EPRS1/RARS2/LARS1/MARS1",6
"GO:0016875","ligase activity, forming carbon-oxygen bonds","6/272","41/18639",0.146341463414634,10.028156384505,7.04243541205975,2.67629369601845e-05,0.00412149229186841,0.00378906844331033,"LARS2/IARS1/EPRS1/RARS2/LARS1/MARS1",6
