"ID","Description","GeneRatio","BgRatio","RichFactor","FoldEnrichment","zScore","pvalue","p.adjust","qvalue","geneID","Count"
"GO:0008380","RNA splicing","24/269","482/18805",0.0497925311203319,3.48084961976893,6.64689653869418,1.27027098433498e-07,0.000362757806334297,0.000335884480009387,"AKAP8L/DDX17/SNRPD1/CWC22/HNRNPL/DDX39A/SMN1/PABPC1/SMN2/EFTUD2/PPIL3/HNRNPC/SNRPG/PRPF8/RTRAF/SNRNP40/ZBTB8OS/C2orf49/CLASRP/PQBP1/SNU13/CASC3/RBM42/PTBP1",24
"GO:0000377","RNA splicing, via transesterification reactions with bulged adenosine as nucleophile","19/269","336/18805",0.056547619047619,3.95307797840326,6.57985182953922,4.07532391312872e-07,0.000362757806334297,0.000335884480009387,"DDX17/SNRPD1/CWC22/HNRNPL/DDX39A/SMN1/PABPC1/SMN2/EFTUD2/PPIL3/HNRNPC/SNRPG/PRPF8/SNRNP40/PQBP1/SNU13/CASC3/RBM42/PTBP1",19
"GO:0000398","mRNA splicing, via spliceosome","19/269","336/18805",0.056547619047619,3.95307797840326,6.57985182953922,4.07532391312872e-07,0.000362757806334297,0.000335884480009387,"DDX17/SNRPD1/CWC22/HNRNPL/DDX39A/SMN1/PABPC1/SMN2/EFTUD2/PPIL3/HNRNPC/SNRPG/PRPF8/SNRNP40/PQBP1/SNU13/CASC3/RBM42/PTBP1",19
"GO:0000375","RNA splicing, via transesterification reactions","19/269","340/18805",0.0558823529411765,3.90657117865734,6.51536898575098,4.87905590227703e-07,0.000362757806334297,0.000335884480009387,"DDX17/SNRPD1/CWC22/HNRNPL/DDX39A/SMN1/PABPC1/SMN2/EFTUD2/PPIL3/HNRNPC/SNRPG/PRPF8/SNRNP40/PQBP1/SNU13/CASC3/RBM42/PTBP1",19
"GO:0048259","regulation of receptor-mediated endocytosis","11/269","128/18805",0.0859375,6.00763824349442,6.84821874056393,2.32313936363036e-06,0.00138180329348734,0.00127943843689622,"FLOT1/ANKRD13B/CBL/CCDC32/ATAD1/B2M/CLU/NUMB/PICALM/AP2A1/RAC1",11
