"ID","Description","GeneRatio","BgRatio","RichFactor","FoldEnrichment","zScore","pvalue","p.adjust","qvalue","geneID","Count"
"GO:0008380","RNA splicing","22/209","482/18805",0.045643153526971,4.10679187595545,7.32530791480695,2.27623066416089e-08,6.5532680821192e-05,5.83194256480801e-05,"ZBTB8OS/AKAP8L/DDX17/CWC22/DDX39A/SMN1/USP22/RBM6/U2AF1/LSM2/SNU13/PPIL3/TSEN15/TRA2A/SAP18/HNRNPM/CASC3/SMN2/HNRNPC/POLR2A/EFTUD2/PTBP1",22
"GO:0000377","RNA splicing, via transesterification reactions with bulged adenosine as nucleophile","17/209","336/18805",0.0505952380952381,4.55236101617681,6.96551992784363,2.30911881807092e-07,0.000196433063992062,0.00017481145783685,"DDX17/CWC22/DDX39A/SMN1/RBM6/U2AF1/LSM2/SNU13/PPIL3/TRA2A/SAP18/HNRNPM/CASC3/SMN2/HNRNPC/EFTUD2/PTBP1",17
"GO:0000398","mRNA splicing, via spliceosome","17/209","336/18805",0.0505952380952381,4.55236101617681,6.96551992784363,2.30911881807092e-07,0.000196433063992062,0.00017481145783685,"DDX17/CWC22/DDX39A/SMN1/RBM6/U2AF1/LSM2/SNU13/PPIL3/TRA2A/SAP18/HNRNPM/CASC3/SMN2/HNRNPC/EFTUD2/PTBP1",17
"GO:0000375","RNA splicing, via transesterification reactions","17/209","340/18805",0.05,4.4988038277512,6.90196719981649,2.72918463344302e-07,0.000196433063992062,0.00017481145783685,"DDX17/CWC22/DDX39A/SMN1/RBM6/U2AF1/LSM2/SNU13/PPIL3/TRA2A/SAP18/HNRNPM/CASC3/SMN2/HNRNPC/EFTUD2/PTBP1",17
