"ID","Description","GeneRatio","BgRatio","RichFactor","FoldEnrichment","zScore","pvalue","p.adjust","qvalue","geneID","Count"
"GO:0008380","RNA splicing","23/271","482/18805",0.0477178423236514,3.31119566382386,6.21565827403142,5.64645515093309e-07,0.00183735650611363,0.00171592800218356,"DDX17/SNRPD1/DDX39A/SMN1/SNRNP70/SMN2/EFTUD2/LUC7L2/PPIL3/PRPF6/SUGP1/NUP98/LSM2/SNRNP40/ZBTB8OS/TAF9/TMBIM6/CLASRP/SNU13/TRA2A/CASC3/HNRNPK/RBM42",23
"GO:0000377","RNA splicing, via transesterification reactions with bulged adenosine as nucleophile","18/271","336/18805",0.0535714285714286,3.71738270954138,6.07748566437028,1.99578605962845e-06,0.00191889583272645,0.00179207850065709,"DDX17/SNRPD1/DDX39A/SMN1/SNRNP70/SMN2/EFTUD2/LUC7L2/PPIL3/PRPF6/NUP98/LSM2/SNRNP40/SNU13/TRA2A/CASC3/HNRNPK/RBM42",18
"GO:0000398","mRNA splicing, via spliceosome","18/271","336/18805",0.0535714285714286,3.71738270954138,6.07748566437028,1.99578605962845e-06,0.00191889583272645,0.00179207850065709,"DDX17/SNRPD1/DDX39A/SMN1/SNRNP70/SMN2/EFTUD2/LUC7L2/PPIL3/PRPF6/NUP98/LSM2/SNRNP40/SNU13/TRA2A/CASC3/HNRNPK/RBM42",18
"GO:0000375","RNA splicing, via transesterification reactions","18/271","340/18805",0.0529411764705882,3.67364879531148,6.0158132869223,2.3588147913048e-06,0.00191889583272645,0.00179207850065709,"DDX17/SNRPD1/DDX39A/SMN1/SNRNP70/SMN2/EFTUD2/LUC7L2/PPIL3/PRPF6/NUP98/LSM2/SNRNP40/SNU13/TRA2A/CASC3/HNRNPK/RBM42",18
