"ID","Description","GeneRatio","BgRatio","RichFactor","FoldEnrichment","zScore","pvalue","p.adjust","qvalue","geneID","Count"
"GO:1905369","endopeptidase complex","6/106","98/19880",0.0612244897959184,11.4824797843666,7.6163151690867,1.40954536346144e-05,0.00360580046020093,0.00327461754899568,"CASP2/PSME2/UBQLN4/UCHL5/PSMD1/CAPNS1",6
"GO:0005832","chaperonin-containing T-complex","3/106","11/19880",0.272727272727273,51.1492281303602,12.1807919450582,2.35673232692871e-05,0.00360580046020093,0.00327461754899568,"CCT7/CCT6A/CCT4",3
"GO:0022626","cytosolic ribosome","6/106","118/19880",0.0508474576271186,9.53629677006716,6.80922987587007,4.04887882385671e-05,0.00372925176292701,0.0033867301871783,"RPS23/RPL13A/RPS28/RPS3/RPL15/RPS18",6
"GO:1905368","peptidase complex","6/106","129/19880",0.0465116279069767,8.72312417727073,6.44312063849511,6.66668965104811e-05,0.00372925176292701,0.0033867301871783,"CASP2/PSME2/UBQLN4/UCHL5/PSMD1/CAPNS1",6
"GO:0022627","cytosolic small ribosomal subunit","4/106","42/19880",0.0952380952380952,17.8616352201258,8.00900060514126,7.31225835868041e-05,0.00372925176292701,0.0033867301871783,"RPS23/RPS28/RPS3/RPS18",4
"GO:0101031","protein folding chaperone complex","4/106","42/19880",0.0952380952380952,17.8616352201258,8.00900060514126,7.31225835868041e-05,0.00372925176292701,0.0033867301871783,"CCT7/CCT6A/PSMG1/CCT4",4
