"ID","Description","GeneRatio","BgRatio","RichFactor","FoldEnrichment","zScore","pvalue","p.adjust","qvalue","geneID","Count"
"GO:0005925","focal adhesion","15/171","424/19880",0.035377358490566,4.11287653095002,6.035052771352,4.12335662038302e-06,0.00108431549198611,0.000954508135594296,"RPS5/CORO1C/RPS9/CYFIP1/SRP68/KRAS/YWHAE/AIF1L/NUMB/CHP1/TSPAN9/CPNE3/RPS3A/ARHGEF2/PRKAR2A",15
"GO:0030055","cell-substrate junction","15/171","434/19880",0.0345622119815668,4.01810979060555,5.92144616900875,5.46254655912399e-06,0.00108431549198611,0.000954508135594296,"RPS5/CORO1C/RPS9/CYFIP1/SRP68/KRAS/YWHAE/AIF1L/NUMB/CHP1/TSPAN9/CPNE3/RPS3A/ARHGEF2/PRKAR2A",15
