"ID","Description","GeneRatio","BgRatio","RichFactor","FoldEnrichment","zScore","pvalue","p.adjust","qvalue","geneID","Count"
"GO:0140852","histone ubiquitin ligase activity","4/181","13/18639",0.307692307692308,31.6855078623034,10.9595270434601,5.74379381422406e-06,0.00271107068031376,0.00239425510571866,"HUWE1/UHRF1/PCGF3/BRCA1",4
"GO:0044389","ubiquitin-like protein ligase binding","13/181","322/18639",0.0403726708074534,4.1574928794482,5.65965245772887,1.6478471501673e-05,0.00388891927439482,0.00343446037613815,"NPLOC4/PIAS2/RPS27A/WRAP53/BAG6/MFN2/SUMO2/FAF1/YWHAE/CCNB1/YWHAZ/BRCA1/HSP90AB1",13
"GO:0031625","ubiquitin protein ligase binding","12/181","302/18639",0.0397350993377483,4.09183710804581,5.364170266679,4.0949243695305e-05,0.00644268100806132,0.00568978965029501,"NPLOC4/PIAS2/RPS27A/WRAP53/BAG6/MFN2/SUMO2/FAF1/YWHAE/YWHAZ/BRCA1/HSP90AB1",12
