"ID","Description","GeneRatio","BgRatio","RichFactor","FoldEnrichment","zScore","pvalue","p.adjust","qvalue","geneID","Count"
"GO:0043021","ribonucleoprotein complex binding","19/418","177/18639",0.107344632768362,4.78659476117103,7.66651129924125,1.85712509945463e-08,1.33898719670678e-05,1.16314677281632e-05,"CCDC47/SNRPD1/SNRPN/NPM1/MTOR/BAG6/CINP/UCHL1/SNRPG/LARP1/ABCF1/YTHDF1/EIF4B/USP16/ITCH/LEMD3/NDUFAB1/PQBP1/NOMO3",19
"GO:0043022","ribosome binding","12/418","112/18639",0.107142857142857,4.7775974025974,6.07328724533708,8.0819771916738e-06,0.00291355277759841,0.00253093496265574,"CCDC47/NPM1/MTOR/BAG6/UCHL1/LARP1/ABCF1/YTHDF1/EIF4B/USP16/NDUFAB1/NOMO3",12
"GO:0044389","ubiquitin-like protein ligase binding","20/418","322/18639",0.062111801242236,2.76962168266516,4.85157650949692,4.30147867692718e-05,0.00714191340632263,0.00620401266773044,"PIAS2/WRAP53/CCNB1/CBS/HERC2/BAG6/KDM4A/UCHL1/PARP9/SUMO2/FAF1/CLU/ITCH/RNF34/TMBIM6/TRIM37/YWHAE/CASC3/XRCC5/BRCA1",20
"GO:0042393","histone binding","17/418","247/18639",0.0688259109311741,3.06900993743099,4.95790572776477,4.53644561570558e-05,0.00714191340632263,0.00620401266773044,"WRAP53/ANP32E/NPM1/BPTF/SPTY2D1/ATAD2/NCAPD2/KDM4A/SUZ12/UIMC1/PARP9/DPF2/USP16/SMARCA5/NBN/SMARCC1/KDM5A",17
"GO:0051087","protein-folding chaperone binding","12/418","134/18639",0.0895522388059701,3.9932157394844,5.26680895409232,4.95278322213775e-05,0.00714191340632263,0.00620401266773044,"WRAP53/ERP29/TTC4/BAG6/ST13/AHSA1/HIKESHI/TFRC/DNAJC8/CLU/TBCA/DNAJC1",12
"GO:0003713","transcription coactivator activity","17/418","256/18639",0.06640625,2.96111505681818,4.78538136065199,7.08069512268731e-05,0.00747920222671671,0.00649700755514482,"DDX17/CD274/NPM1/TADA3/ACTN4/NCOA1/NACA/NUP98/WBP2/USP16/MED1/TAF9/TRIM37/PQBP1/SMARCC1/KDM5A/BRCA1",17
"GO:0070990","snRNP binding","4/418","11/18639",0.363636363636364,16.2148760330579,7.64510292543183,7.26136138516185e-05,0.00747920222671671,0.00649700755514482,"SNRPD1/SNRPN/SNRPG/LEMD3",4
