"ID","Description","GeneRatio","BgRatio","RichFactor","FoldEnrichment","zScore","pvalue","p.adjust","qvalue","geneID","Count"
"GO:0043021","ribonucleoprotein complex binding","19/420","177/18639",0.107344632768362,4.7638014527845,7.63899096550222,2.00444180478826e-08,1.49531358637204e-05,1.27440300009696e-05,"CCDC47/SNRPD1/GTPBP4/NPM1/BAG6/PRPF6/UCHL1/SNRPG/DHX9/LARP1/ABCF1/YTHDF1/RPLP1/ITCH/EIF3C/NDUFAB1/PQBP1/NOMO3/EIF4A3",19
"GO:0051087","protein-folding chaperone binding","14/420","134/18639",0.104477611940299,4.6365671641791,6.41448063648368,2.05305975351661e-06,0.000765791288061697,0.000652656890065282,"WRAP53/TBCE/ERP29/PTGES3/BAG6/ST13/AHSA1/HIKESHI/TFRC/DNAJC8/DNAJA3/CLU/TBCA/DNAJC1",14
"GO:0046966","nuclear thyroid hormone receptor binding","6/420","28/18639",0.214285714285714,9.50969387755102,6.84179613566806,3.1244524422057e-05,0.00776947173961816,0.00662164657927102,"TRIP12/NSD1/PRMT2/TACC1/MED1/GTF2B",6
"GO:0043022","ribosome binding","11/420","112/18639",0.0982142857142857,4.35860969387755,5.41287538251593,4.55084070980706e-05,0.00848731792379017,0.00723344154927228,"CCDC47/NPM1/BAG6/UCHL1/DHX9/LARP1/ABCF1/YTHDF1/EIF3C/NDUFAB1/NOMO3",11
