"ID","Description","GeneRatio","BgRatio","RichFactor","FoldEnrichment","zScore","pvalue","p.adjust","qvalue","geneID","Count"
"GO:0005925","focal adhesion","15/159","424/19880",0.035377358490566,4.42328230687077,6.39779363359121,1.66251305470561e-06,0.000407545300681049,0.000357884460266253,"CORO1C/PRKAR2A/CYFIP1/ARPC3/PTK7/CLASP2/G3BP1/PABPC1/YWHAE/NPM1/PTPN12/TSPAN9/MAPRE1/RPS10/RAC1",15
"GO:0030055","cell-substrate junction","15/159","434/19880",0.0345622119815668,4.32136335970785,6.28170412583739,2.214920112397e-06,0.000407545300681049,0.000357884460266253,"CORO1C/PRKAR2A/CYFIP1/ARPC3/PTK7/CLASP2/G3BP1/PABPC1/YWHAE/NPM1/PTPN12/TSPAN9/MAPRE1/RPS10/RAC1",15
"GO:0036464","cytoplasmic ribonucleoprotein granule","11/159","261/19880",0.0421455938697318,5.26952456685703,6.23437180848791,8.43631529223102e-06,0.00103485467584701,0.000908753963057868,"RBPMS2/LSM14A/RC3H1/RC3H2/SARNP/TUBB/LSM2/G3BP1/PABPC1/SNRPG/RAC1",11
"GO:0035770","ribonucleoprotein granule","11/159","278/19880",0.039568345323741,4.94728745305642,5.9511695303817,1.52363300052918e-05,0.00140174236048685,0.00123093508200647,"RBPMS2/LSM14A/RC3H1/RC3H2/SARNP/TUBB/LSM2/G3BP1/PABPC1/SNRPG/RAC1",11
"GO:0071013","catalytic step 2 spliceosome","6/159","90/19880",0.0666666666666667,8.33542976939203,6.26260879439467,8.52042939956831e-05,0.00627103603808228,0.00550688805403678,"LSM2/PABPC1/PRPF6/HNRNPC/EFTUD2/SNRPG",6
"GO:0010494","cytoplasmic stress granule","6/159","96/19880",0.0625,7.81446540880503,6.0095467586057,0.000121968423299113,0.00748072996234561,0.00656917648295224,"RBPMS2/LSM14A/RC3H1/RC3H2/G3BP1/PABPC1",6
