"ID","Description","GeneRatio","BgRatio","RichFactor","FoldEnrichment","zScore","pvalue","p.adjust","qvalue","geneID","Count"
"GO:0004812","aminoacyl-tRNA ligase activity","8/410","41/18639",0.195121951219512,8.87043426531826,7.56602308860621,2.58998369125303e-06,0.000718526211608358,0.0006106164334885,"LARS2/LRRC47/EPRS1/RARS2/IARS2/LARS1/YARS1/MARS1",8
"GO:0016875","ligase activity, forming carbon-oxygen bonds","8/410","41/18639",0.195121951219512,8.87043426531826,7.56602308860621,2.58998369125303e-06,0.000718526211608358,0.0006106164334885,"LARS2/LRRC47/EPRS1/RARS2/IARS2/LARS1/YARS1/MARS1",8
"GO:0044389","ubiquitin-like protein ligase binding","22/410","322/18639",0.0683229813664596,3.10602938948644,5.7170942272383,2.92480140410458e-06,0.000718526211608358,0.0006106164334885,"PRKACA/PIAS2/WRAP53/MFN2/CCNB1/CBS/PIAS1/HERC2/PARP9/PRKAR2A/PRKAR2B/SUMO2/FAF1/CLU/ITCH/TMBIM6/TRIM37/TUBB/YWHAE/CASC3/XRCC5/BRCA1",22
"GO:0045296","cadherin binding","21/410","334/18639",0.062874251497006,2.85832481378706,5.13949150263637,1.7436803016353e-05,0.00321273095576303,0.00273023626177105,"SPTAN1/CLIC1/PKM/SNX5/ITGB1/ERC1/EIF2S3/AHSA1/VAPA/GIGYF2/CTNNA1/PCMT1/EIF4G2/TBC1D2/NUMB/ANXA2/RPL14/YWHAE/GAPVD1/MAPRE1/TJP1",21
"GO:0031625","ubiquitin protein ligase binding","19/410","302/18639",0.0629139072847682,2.8601276045873,4.88756140129373,4.3275000017798e-05,0.00637873500262343,0.00542076316012418,"PRKACA/PIAS2/WRAP53/MFN2/CBS/PIAS1/HERC2/PRKAR2A/PRKAR2B/SUMO2/FAF1/CLU/TMBIM6/TRIM37/TUBB/YWHAE/CASC3/XRCC5/BRCA1",19
