"ID","Description","GeneRatio","BgRatio","RichFactor","FoldEnrichment","zScore","pvalue","p.adjust","qvalue","geneID","Count"
"GO:0002181","cytoplasmic translation","14/320","169/18805",0.0828402366863905,4.86815828402367,6.64601965564479,1.23000558248007e-06,0.00212747376034914,0.00191973470671563,"AARS1/MTOR/EIF2S3/EIF3D/EIF3I/RPL28/RPS5/HNRNPD/EIF3CL/RPLP1/RPS18/RPS10/RPL14/EIF3G",14
"GO:0006413","translational initiation","12/320","124/18805",0.0967741935483871,5.68699596774194,6.88962755681015,1.39323756407933e-06,0.00212747376034914,0.00191973470671563,"NPM1/MTOR/EIF2S3/EIF3D/GIGYF2/EIF3I/LARP1/RPS5/ABCF1/EIF3CL/EIF3G/EIF2AK4",12
"GO:0140694","membraneless organelle assembly","22/320","427/18805",0.0515222482435597,3.02773711943794,5.57656602179054,4.41915569696592e-06,0.00404162155826796,0.00364697385294368,"EDC3/RC3H1/NPM1/HAUS6/SQLE/UBAP2L/RRP7A/UHRF1/LSM3/KIAA0753/TUBGCP5/RPS5/STAG1/PRKDC/SAC3D1/CLASP2/LSM14A/TRIM37/WDR62/XRCC5/SKA2/PPP2R1A",22
"GO:0006418","tRNA aminoacylation for protein translation","7/320","41/18805",0.170731707317073,10.0331554878049,7.61831779288453,5.29354493551795e-06,0.00404162155826796,0.00364697385294368,"AARS1/LARS2/LRRC47/EPRS1/LARS1/YARS1/MARS1",7
"GO:0043039","tRNA aminoacylation","7/320","44/18805",0.159090909090909,9.34907670454546,7.295031650806,8.6368825573728e-06,0.00439774854181775,0.00396832650276733,"AARS1/LARS2/LRRC47/EPRS1/LARS1/YARS1/MARS1",7
"GO:0022618","protein-RNA complex assembly","15/320","228/18805",0.0657894736842105,3.86615953947368,5.7288885934923,8.98300114819852e-06,0.00439774854181775,0.00396832650276733,"SMN1/SMN2/EIF2S3/RRP7A/EIF3D/PRPF6/EIF3I/SNRPG/RPS5/PRKDC/LSM2/EIF3CL/SETX/EIF3G/XRCC5",15
"GO:0043038","amino acid activation","7/320","45/18805",0.155555555555556,9.14131944444444,7.19407595037892,1.00799737369758e-05,0.00439774854181775,0.00396832650276733,"AARS1/LARS2/LRRC47/EPRS1/LARS1/YARS1/MARS1",7
"GO:0045048","protein insertion into ER membrane","6/320","31/18805",0.193548387096774,11.3739919354839,7.60569191093182,1.1915315415092e-05,0.00454867165971138,0.00410451259956722,"RAB5IF/TRAM1/NOMO1/BAG6/EMC1/NOMO3",6
"GO:0071826","protein-RNA complex organization","15/320","237/18805",0.0632911392405063,3.71934335443038,5.5430148097342,1.42540000030713e-05,0.00483685733437554,0.00436455812959541,"SMN1/SMN2/EIF2S3/RRP7A/EIF3D/PRPF6/EIF3I/SNRPG/RPS5/PRKDC/LSM2/EIF3CL/SETX/EIF3G/XRCC5",15
