"ID","Description","GeneRatio","BgRatio","RichFactor","FoldEnrichment","zScore","pvalue","p.adjust","qvalue","geneID","Count"
"GO:0016339","calcium-dependent cell-cell adhesion via plasma membrane cell adhesion molecules","9/286","48/18805",0.1875,12.3284527972028,9.76582417346651,3.83047282950859e-08,0.000114301309232536,0.00010580169162769,"PCDHB10/PCDHB5/PCDHB4/PCDHB3/PCDHB9/PCDHB6/PCDHB11/PCDHB2/PCDHB16",9
"GO:0007156","homophilic cell adhesion via plasma membrane adhesion molecules","14/286","169/18805",0.0828402366863905,5.44689038771879,7.21643655824555,3.20798256831952e-07,0.000478630999193273,0.000443039276803707,"PCDHB12/PCDHB10/PCDHB5/PCDHB8/PCDHB4/PCDHB7/PCDHB3/PTK7/PCDHB9/PCDHB6/PCDHB11/PVR/PCDHB2/PCDHB16",14
"GO:0006418","tRNA aminoacylation for protein translation","7/286","41/18805",0.170731707317073,11.2259082381034,8.14573879112431,2.52552841376169e-06,0.0025120589288883,0.00232525844130199,"AARS1/LARS2/LRRC47/EPRS1/LARS1/YARS1/MARS1",7
"GO:0043039","tRNA aminoacylation","7/286","44/18805",0.159090909090909,10.4605054036872,7.80750114525714,4.14020451966882e-06,0.0028882761952263,0.00267349962476147,"AARS1/LARS2/LRRC47/EPRS1/LARS1/YARS1/MARS1",7
"GO:0043038","amino acid activation","7/286","45/18805",0.155555555555556,10.2280497280497,7.70192238951123,4.83960488476257e-06,0.0028882761952263,0.00267349962476147,"AARS1/LARS2/LRRC47/EPRS1/LARS1/YARS1/MARS1",7
"GO:0022618","protein-RNA complex assembly","14/286","228/18805",0.0614035087719298,4.03738805054595,5.73428514441074,1.10482051135087e-05,0.00472627781619772,0.00437482467535728,"SMN1/SMN2/LUC7L2/EIF3D/PRPF6/EIF3I/SNRPG/RPS5/PRPF8/PRKDC/LSM2/EIF3CL/SETX/XRCC5",14
"GO:0002181","cytoplasmic translation","12/286","169/18805",0.0710059171597633,4.66876318947325,5.95368774485172,1.10871128396059e-05,0.00472627781619772,0.00437482467535728,"AARS1/MTOR/EIF3D/EIF3I/RPL28/RPS5/HNRNPD/EIF3CL/RPLP1/RPS18/RPS10/RPS27A",12
"GO:0071826","protein-RNA complex organization","14/286","237/18805",0.0590717299578059,3.88406951698091,5.55260405065736,1.7086408431367e-05,0.0063732303448999,0.00589930733209303,"SMN1/SMN2/LUC7L2/EIF3D/PRPF6/EIF3I/SNRPG/RPS5/PRPF8/PRKDC/LSM2/EIF3CL/SETX/XRCC5",14
"GO:0098742","cell-cell adhesion via plasma-membrane adhesion molecules","15/286","280/18805",0.0535714285714286,3.52241508491508,5.28464519151186,2.70768691481293e-05,0.00897748639311308,0.00830990697598728,"PCDHB12/PCDHB10/PCDHB5/PCDHB8/CLDN12/PCDHB4/PCDHB7/PCDHB3/PTK7/PCDHB9/PCDHB6/PCDHB11/PVR/PCDHB2/PCDHB16",15
