"ID","Description","GeneRatio","BgRatio","RichFactor","FoldEnrichment","zScore","pvalue","p.adjust","qvalue","geneID","Count"
"GO:0004812","aminoacyl-tRNA ligase activity","7/293","41/18639",0.170731707317073,10.8609839340714,7.98806936038973,3.14042433407116e-06,0.000942127300221349,0.000813204617033164,"AARS1/LARS2/LRRC47/EPRS1/LARS1/YARS1/MARS1",7
"GO:0016875","ligase activity, forming carbon-oxygen bonds","7/293","41/18639",0.170731707317073,10.8609839340714,7.98806936038973,3.14042433407116e-06,0.000942127300221349,0.000813204617033164,"AARS1/LARS2/LRRC47/EPRS1/LARS1/YARS1/MARS1",7
"GO:0030544","Hsp70 protein binding","7/293","51/18639",0.137254901960784,8.73137924111624,6.98696394767342,1.41400716221555e-05,0.00282801432443111,0.00244102289056159,"TTC4/BAG6/DNAJC18/HIKESHI/TFRC/DNAJC8/DNAJA3",7
"GO:0051087","protein-folding chaperone binding","10/293","134/18639",0.0746268656716418,4.74733839335744,5.50165732366533,5.18413948755687e-05,0.00777620923133531,0.00671209638915258,"WRAP53/TBCE/TTC4/BAG6/DNAJC18/HIKESHI/TFRC/DNAJC8/DNAJA3/CLU",10
