"ID","Description","GeneRatio","BgRatio","RichFactor","FoldEnrichment","zScore","pvalue","p.adjust","qvalue","geneID","Count"
"GO:0043021","ribonucleoprotein complex binding","15/283","177/18639",0.0847457627118644,5.58154159429838,7.60436125755635,8.7518988683008e-08,5.68873426439552e-05,5.03925124311635e-05,"RACK1/SRP68/NPM1/MTOR/NOMO1/BAG6/G3BP1/PRPF6/ABCF1/YTHDF1/EIF4B/ITCH/PQBP1/NOMO3/EIF4A3",15
"GO:0043022","ribosome binding","11/283","112/18639",0.0982142857142857,6.46860802624937,7.20754069331085,1.09967934073055e-06,0.000357395785737428,0.000316591894410321,"RACK1/SRP68/NPM1/MTOR/NOMO1/BAG6/G3BP1/ABCF1/YTHDF1/EIF4B/NOMO3",11
