"ID","Description","GeneRatio","BgRatio","RichFactor","FoldEnrichment","zScore","pvalue","p.adjust","qvalue","geneID","Count"
"GO:0043021","ribonucleoprotein complex binding","12/213","177/18639",0.0677966101694915,5.93268083074719,7.08931374941399,9.40330014325249e-07,0.000513420187821586,0.000461256617553228,"LEMD3/ABCF1/NDUFAB1/PQBP1/NOMO3/NPM1/PRPF6/CINP/EIF3C/ITCH/SNRPG/LARP1",12
"GO:0140852","histone ubiquitin ligase activity","4/213","13/18639",0.307692307692308,26.9252437703142,10.0533001160475,1.09343223536672e-05,0.00298507000255115,0.00268178642989943,"HUWE1/TRIM37/PCGF3/BRCA1",4
