"ID","Description","GeneRatio","BgRatio","RichFactor","FoldEnrichment","zScore","pvalue","p.adjust","qvalue","geneID","Count"
"GO:0000377","RNA splicing, via transesterification reactions with bulged adenosine as nucleophile","19/232","336/18805",0.056547619047619,4.58352575944171,7.40775419392846,4.00443953492505e-08,4.5259780954014e-05,4.17607894814322e-05,"HNRNPL/DDX39A/SMN1/SAP18/SNRNP70/EFTUD2/CDC5L/PPIL3/PRPF6/HNRNPC/SF3B2/CTNNBL1/PRPF8/LSM2/ESS2/SNRNP40/SETX/PQBP1/CASC3",19
"GO:0000398","mRNA splicing, via spliceosome","19/232","336/18805",0.056547619047619,4.58352575944171,7.40775419392846,4.00443953492505e-08,4.5259780954014e-05,4.17607894814322e-05,"HNRNPL/DDX39A/SMN1/SAP18/SNRNP70/EFTUD2/CDC5L/PPIL3/PRPF6/HNRNPC/SF3B2/CTNNBL1/PRPF8/LSM2/ESS2/SNRNP40/SETX/PQBP1/CASC3",19
"GO:0000375","RNA splicing, via transesterification reactions","19/232","340/18805",0.0558823529411765,4.52960192697769,7.34038120818661,4.83028612102604e-08,4.5259780954014e-05,4.17607894814322e-05,"HNRNPL/DDX39A/SMN1/SAP18/SNRNP70/EFTUD2/CDC5L/PPIL3/PRPF6/HNRNPC/SF3B2/CTNNBL1/PRPF8/LSM2/ESS2/SNRNP40/SETX/PQBP1/CASC3",19
"GO:0008380","RNA splicing","21/232","482/18805",0.0435684647302905,3.53148697953928,6.29258383998006,6.14093436000044e-07,0.000431554162149031,0.000398191112185292,"HNRNPL/DDX39A/SMN1/PPIL2/SAP18/SNRNP70/EFTUD2/CDC5L/PPIL3/PRPF6/HNRNPC/SF3B2/CTNNBL1/PRPF8/LSM2/ESS2/SNRNP40/TMBIM6/SETX/PQBP1/CASC3",21
"GO:0006457","protein folding","13/232","227/18805",0.0572687224669604,4.64197554306547,6.16990615930594,5.14125050172034e-06,0.00289041103206718,0.00266695604973451,"NUDC/ANP32E/PPIL2/TBCE/SNRNP70/TTC4/PTGES3/PPIL3/DNAJA3/SIL1/TBCA/CCT3/FUT10",13
