"ID","Description","GeneRatio","BgRatio","RichFactor","FoldEnrichment","zScore","pvalue","p.adjust","qvalue","geneID","Count"
"GO:0043021","ribonucleoprotein complex binding","18/421","177/18639",0.101694915254237,4.50235516727727,7.1170136304136,1.12937030264605e-07,8.45898356681891e-05,7.35873912987268e-05,"SNRPD1/GTPBP4/NPM1/MTOR/BAG6/G3BP1/PRPF6/CINP/UCHL1/SNRPG/LARP1/ABCF1/RPLP1/ITCH/NDUFAB1/PQBP1/NOMO3/EIF4A3",18
"GO:0045296","cadherin binding","23/421","334/18639",0.0688622754491018,3.04875048003755,5.74338312586265,2.38058971264887e-06,0.000891530847387001,0.00077557106954192,"ABI1/NUDC/EZR/CBL/CLIC1/PKM/EIF2S3/AHSA1/SEPTIN7/LARP1/FLNB/PCMT1/EEF1D/RPS26/BSG/GCN1/ENO1/YWHAE/BAIAP2L1/YWHAZ/GAPVD1/PICALM/TJP1",23
"GO:0034236","protein kinase A catalytic subunit binding","5/421","14/18639",0.357142857142857,15.8118425517475,8.42782126779558,9.71379325369508e-06,0.00242521038233921,0.00210976772773237,"EZR/PJA2/PRKAR1B/PRKAR2B/GSK3A",5
"GO:0017069","snRNA binding","8/421","54/18639",0.148148148148148,6.55898653998416,6.21872815369441,2.6550876233304e-05,0.00497165157468618,0.00432499799695136,"NCBP2/SNRNP70/EFTUD2/DDX39B/LSM3/PRPF8/LSM2/SNU13",8
"GO:0051087","protein-folding chaperone binding","12/421","134/18639",0.0895522388059701,3.96476052043819,5.23585759448329,5.30514368982327e-05,0.00794710524735525,0.00691343988210653,"WRAP53/TIMM44/TTC4/BAG6/DNAJC18/ST13/AHSA1/HIKESHI/TFRC/DNAJC8/CLU/TBCA",12
"GO:0003713","transcription coactivator activity","17/421","256/18639",0.06640625,2.94001447446556,4.75124156963066,7.7271840257249e-05,0.00964610139211325,0.00839145072267318,"DDX17/NPM1/TADA3/PKM/SUB1/NUP98/PRMT2/WBP2/MED1/TAF9/USP22/TRIM37/LPIN1/TRIM27/PQBP1/SMARCC1/BRCA1",17
