"ID","Description","GeneRatio","BgRatio","RichFactor","FoldEnrichment","zScore","pvalue","p.adjust","qvalue","geneID","Count"
"GO:0043021","ribonucleoprotein complex binding","13/199","177/18639",0.0734463276836158,6.87922664168299,8.16419174016994,5.85295411752039e-08,3.10791863640333e-05,2.60610483338013e-05,"NOMO1/ABCF1/SNRPD1/SRP68/GTPBP4/G3BP1/RPLP1/NPM1/PRPF6/CINP/MTOR/DDX3X/EIF3C",13
"GO:0019207","kinase regulator activity","13/199","287/18639",0.0452961672473868,4.24258925288463,5.75091462830653,1.34262618620219e-05,0.00356467252436682,0.00298910987770278,"TAOK1/GCN1/PRKAR2B/PAK1IP1/CCNB1/LAMTOR3/RPLP1/NPM1/CHP1/DDX3X/IL6ST/PRKAR1B/PIK3R3",13
"GO:0043022","ribosome binding","8/199","112/18639",0.0714285714285714,6.69023689877961,6.27454938231353,2.70053369326415e-05,0.00477994463707755,0.00400816053421311,"NOMO1/ABCF1/SRP68/G3BP1/NPM1/MTOR/DDX3X/EIF3C",8
