"ID","Description","GeneRatio","BgRatio","RichFactor","FoldEnrichment","zScore","pvalue","p.adjust","qvalue","geneID","Count"
"GO:0000049","tRNA binding","8/253","80/18639",0.1,7.36719367588933,6.69471439743053,1.28720975625764e-05,0.00257444536323004,0.00228849658234671,"AARS1/EIF1AX/EIF2S3/IARS2/XPOT/YARS1/MARS1/EIF2AK4",8
"GO:0004812","aminoacyl-tRNA ligase activity","6/253","41/18639",0.146341463414634,10.7812590378868,7.3547828309856,1.77973169678225e-05,0.00257444536323004,0.00228849658234671,"AARS1/LRRC47/EPRS1/IARS2/YARS1/MARS1",6
"GO:0016875","ligase activity, forming carbon-oxygen bonds","6/253","41/18639",0.146341463414634,10.7812590378868,7.3547828309856,1.77973169678225e-05,0.00257444536323004,0.00228849658234671,"AARS1/LRRC47/EPRS1/IARS2/YARS1/MARS1",6
"GO:0042974","nuclear retinoic acid receptor binding","5/253","25/18639",0.2,14.7343873517787,8.06075511652713,1.8844318548835e-05,0.00257444536323004,0.00228849658234671,"NCOA1/NSD1/CNOT1/TACC1/MED1",5
"GO:0140852","histone ubiquitin ligase activity","4/253","13/18639",0.307692307692308,22.6682882335056,9.16753902177402,2.15254629032612e-05,0.00257444536323004,0.00228849658234671,"HUWE1/PCGF3/TRIM37/BRCA1",4
"GO:0043021","ribonucleoprotein complex binding","11/253","177/18639",0.0621468926553672,4.57848194546794,5.61128563787476,3.11546360478658e-05,0.00310507872610396,0.00276019143932846,"RACK1/NPM1/NOMO1/CINP/LARP1/ABCF1/LEMD3/NDUFAB1/PQBP1/NOMO3/DDX3X",11
